/****
	***********************************************************************************************************************************************************************************
	*	@file  	lcd_fonts.c
	*	@version V1.0
	*  @date    2021-3-11
	*	@author  反客科技
	*	@brief   字模数据，用户可自行添加或删减
   *****************************************************************************************************************************************************************************************************************************************
   *  @description
	*
	*	实验平台：反客STM32H7核心板 
	*	淘宝地址：https://shop212360197.taobao.com
	*	QQ交流群：536665479
	*
>>>>> 文件说明：
	*
	*	1.ASCII字符集: !"#$%&'()*+,-./0123456789:;<=>?@ABCDEFGHIJKLMNOPQRSTUVWXYZ[\]^_`abcdefghijklmnopqrstuvwxyz{|}~
	*	2.ASCII字模，总共有5种大小的字模：3216、2412、2010、1608、1206，皆是宋体
	*	3.中文字模也有五种大小：3232、2424、2020、1616、1212
	*	4.中文字库是小字库，也就是用到了相应的汉字再取模
	*	5.中文字库每个字模后面都必须要有一个对应的汉字作为索引
	*
>>>>> 取模方式说明：
	*
	*	1.取模软件 PCtolCD2018
	*	2.阴码、逆向、逐行式、C51格式。
	*
	*******************************************************************************************************************************************************************************************************************************************FANKE*****
***/

#include "lcd_fonts.h"

// 汉字字模数据，字体为1212
// 添加新字模时，一定要不超过数组第一维的大小，用户可根据需求自行调整
//	中文标点符号和英文标点符号是不一样的！如果没有对中文标点符号进行取模，显示时要用英文输入标点，使用ASCII的字模
// 每个字模后面都必须要有一个对应的汉字作为索引
//
const uint8_t  Chinese_1212[50][24]=	
{ 
//  中(0) 文(1) 字(2) 体(3) ：(4) 反(5) 客(6) 科(7) 技(8)
	{0x00,0x00,0x00,0x00,0x00,0x00,0x20,0x00,0xFE,0x03,0x22,0x02,0x22,0x02,0xFE,0x03,0x20,0x00,0x20,0x00,0x00,0x00,0x00,0x00},{"中"},/*0*/	
	{0x00,0x00,0x00,0x00,0x00,0x00,0x60,0x00,0xFF,0x07,0x04,0x01,0x88,0x00,0x50,0x00,0x78,0x00,0x87,0x07,0x00,0x00,0x00,0x00},{"文"},/*1*/	                                                                                                                   
	{0x00,0x00,0x00,0x00,0x00,0x00,0x60,0x00,0xFE,0x07,0xF8,0x01,0xC0,0x00,0xFE,0x07,0x20,0x00,0x38,0x00,0x00,0x00,0x00,0x00},{"字"},/*2*/	                                                                                                                       
	{0x00,0x00,0x00,0x00,0x88,0x00,0x84,0x00,0xF4,0x07,0xC6,0x01,0xA6,0x01,0x94,0x02,0xEC,0x05,0x84,0x00,0x00,0x00,0x00,0x00},{"体"},/*3*/	                                                                                                                       
	{0x00,0x00,0x00,0x00,0x00,0x00,0x00,0x00,0x00,0x00,0x04,0x00,0x00,0x00,0x00,0x00,0x04,0x00,0x00,0x00,0x00,0x00,0x00,0x00},{"："},/*4*/                                                                                                                       
	{0x00,0x00,0x00,0x00,0x00,0x00,0xFC,0x07,0x04,0x00,0xFC,0x03,0x14,0x02,0xA4,0x01,0x66,0x00,0x9E,0x07,0x00,0x00,0x00,0x00},{"反"},/*5*/	                                                                                                                       
	{0x00,0x00,0x00,0x00,0x60,0x00,0xFE,0x07,0xFA,0x03,0x16,0x01,0xFF,0x0F,0xFC,0x03,0x04,0x02,0xFC,0x03,0x00,0x00,0x00,0x00},{"客"},/*6*/	                                                                                                                       
	{0x00,0x00,0x00,0x00,0x00,0x01,0x7F,0x01,0x84,0x01,0x3F,0x01,0x4C,0x01,0xF6,0x07,0x05,0x01,0x04,0x01,0x00,0x00,0x00,0x00},{"科"},/*7*/	                                                                                                                       
	{0x00,0x00,0x00,0x00,0x00,0x00,0x84,0x00,0xFF,0x07,0x84,0x00,0xFC,0x03,0x27,0x03,0xC4,0x00,0x37,0x07,0x00,0x00,0x00,0x00},{"技"},/*8*/
};

// 汉字字模数据，字体为1616
// 添加新字模时，一定要不超过数组第一维的大小，用户可根据需求自行调整
//	中文标点符号和英文标点符号是不一样的！如果没有对中文标点符号进行取模，显示时要用英文输入标点，使用ASCII的字模
// 每个字模后面都必须要有一个对应的汉字作为索引
//
const uint8_t  Chinese_1616[50][32]=	
{ 
// 中(0) 文(1) 字(2) 体(3) ：(4) 反(5) 客(6) 科(7) 技(8)

	{0x00,0x00,0x00,0x00,0x00,0x00,0x00,0x00,0x40,0x00,0x40,0x00,0xFE,0x1F,0x42,0x10,0x42,0x10,0xFE,0x1F,0x42,0x10,0x40,0x00,0x40,0x00,0x00,0x00,0x00,0x00,0x00,0x00},{"中"},/*0*/	                                                                                                                                                               
	{0x00,0x00,0x00,0x00,0x00,0x00,0x40,0x00,0x80,0x00,0xFF,0x3F,0x08,0x04,0x08,0x04,0x10,0x02,0x20,0x01,0xC0,0x00,0x38,0x07,0x07,0x38,0x00,0x00,0x00,0x00,0x00,0x00},{"文"},/*1*/	                                                                                                                                                               
	{0x00,0x00,0x00,0x00,0x00,0x00,0x40,0x00,0x80,0x00,0xFE,0x1F,0x02,0x10,0xF8,0x07,0x00,0x03,0xFF,0x1F,0x80,0x00,0x80,0x00,0xF0,0x00,0x00,0x00,0x00,0x00,0x00,0x00},{"字"},/*2*/                                                                                                                                                               
	{0x00,0x00,0x00,0x00,0x00,0x00,0x00,0x00,0x08,0x01,0x0C,0x01,0xF4,0x1F,0x86,0x03,0x47,0x03,0x65,0x05,0x34,0x09,0xCC,0x17,0x04,0x01,0x00,0x00,0x00,0x00,0x00,0x00},{"体"},/*3*/	                                                                                                                                                               
	{0x00,0x00,0x00,0x00,0x00,0x00,0x00,0x00,0x00,0x00,0x00,0x00,0x00,0x00,0x18,0x00,0x00,0x00,0x00,0x00,0x00,0x00,0x18,0x00,0x00,0x00,0x00,0x00,0x00,0x00,0x00,0x00},{"："},/*4*/	                                                                                                                                                               
	{0x00,0x00,0x00,0x00,0x00,0x00,0x00,0x00,0xFC,0x1F,0x04,0x00,0xFC,0x0F,0x14,0x08,0x24,0x04,0x64,0x02,0x86,0x01,0x62,0x07,0x1D,0x38,0x00,0x00,0x00,0x00,0x00,0x00},{"反"},/*5*/	                                                                                                                                                               
	{0x00,0x00,0x00,0x00,0x00,0x00,0x00,0x00,0xC0,0x00,0xFE,0x1F,0xF2,0x07,0x18,0x02,0xE6,0x01,0x1F,0x3E,0xF8,0x07,0x08,0x04,0xF8,0x07,0x00,0x00,0x00,0x00,0x00,0x00},{"客"},/*6*/	                                                                                                                                                               
	{0x00,0x00,0x00,0x00,0x00,0x00,0x00,0x00,0x00,0x08,0xBE,0x09,0x08,0x0B,0xFE,0x08,0x98,0x09,0xEC,0x3F,0x0A,0x08,0x08,0x08,0x08,0x08,0x00,0x00,0x00,0x00,0x00,0x00},{"科"},/*7*/	                                                                                                                                                              
	{0x00,0x00,0x00,0x00,0x00,0x00,0x00,0x00,0x04,0x02,0xFF,0x3F,0x04,0x02,0xE4,0x1F,0x4C,0x10,0x87,0x08,0x04,0x07,0x84,0x07,0x77,0x38,0x00,0x00,0x00,0x00,0x00,0x00},{"技"},/*8*/
};

// 汉字字模数据，字体为2020
// 添加新字模时，一定要不超过数组第一维的大小，用户可根据需求自行调整
//	中文标点符号和英文标点符号是不一样的！如果没有对中文标点符号进行取模，显示时要用英文输入标点，使用ASCII的字模
// 每个字模后面都必须要有一个对应的汉字作为索引
//
const uint8_t  Chinese_2020[20][60]=	
{ 
// 中(0) 文(1) 字(2) 体(3) ：(4) 反(5) 客(6) 科(7) 技(8)
	{0x00,0x00,0x00,0x00,0x00,0x00,0x00,0x00,0x00,0x00,0x00,0x00,0x00,0x00,0x00,0x00,0x02,0x00,0x00,0x02,0x00,0xFC,0xFF,0x01,0x04,0x02,0x01,0x04,0x02,0x01,0x04,0x02,0x01,0x04,0x02,0x01,0xFC,0xFF,0x01,0x04,0x02,0x01,0x00,0x02,0x00,0x00,0x02,0x00,0x00,0x02,0x00,0x00,0x00,0x00,0x00,0x00,0x00,0x00,0x00,0x00},{"中"},/*0*/																																																																																																					
	{0x00,0x00,0x00,0x00,0x00,0x00,0x00,0x00,0x00,0x00,0x00,0x00,0x00,0x00,0x00,0x00,0x03,0x00,0x00,0x04,0x00,0xFF,0xFF,0x07,0x10,0x40,0x00,0x10,0x40,0x00,0x20,0x20,0x00,0x40,0x10,0x00,0x80,0x0C,0x00,0x00,0x07,0x00,0x80,0x0D,0x00,0x78,0xF0,0x00,0x07,0x00,0x07,0x00,0x00,0x00,0x00,0x00,0x00,0x00,0x00,0x00},{"文"},/*1*/																																																																																																					
	{0x00,0x00,0x00,0x00,0x00,0x00,0x00,0x00,0x00,0x00,0x00,0x00,0x00,0x00,0x00,0x00,0x03,0x00,0x00,0x06,0x00,0xFE,0xFF,0x03,0x02,0x00,0x02,0xF8,0x7F,0x00,0x00,0x30,0x00,0x00,0x0C,0x00,0xFF,0xFF,0x07,0x00,0x02,0x00,0x00,0x02,0x00,0x00,0x02,0x00,0xE0,0x03,0x00,0x00,0x00,0x00,0x00,0x00,0x00,0x00,0x00,0x00},{"字"},/*2*/																																																																																																				
	{0x00,0x00,0x00,0x00,0x00,0x00,0x00,0x00,0x00,0x00,0x00,0x00,0x00,0x00,0x00,0x20,0x08,0x00,0x10,0x08,0x00,0xF0,0xFF,0x03,0x08,0x1C,0x00,0x0C,0x2A,0x00,0x0E,0x2A,0x00,0x0A,0x49,0x00,0x88,0xC9,0x00,0xC8,0xFF,0x01,0x68,0x08,0x03,0x38,0x08,0x06,0x08,0x08,0x00,0x00,0x00,0x00,0x00,0x00,0x00,0x00,0x00,0x00},{"体"},/*3*/																																																																																																					
	{0x00,0x00,0x00,0x00,0x00,0x00,0x00,0x00,0x00,0x00,0x00,0x00,0x00,0x00,0x00,0x00,0x00,0x00,0x00,0x00,0x00,0x00,0x00,0x00,0x30,0x00,0x00,0x30,0x00,0x00,0x00,0x00,0x00,0x00,0x00,0x00,0x00,0x00,0x00,0x00,0x00,0x00,0x30,0x00,0x00,0x30,0x00,0x00,0x00,0x00,0x00,0x00,0x00,0x00,0x00,0x00,0x00,0x00,0x00,0x00},{"："},/*4*/																																																																																																					
	{0x00,0x00,0x00,0x00,0x00,0x00,0x00,0x00,0x00,0x00,0x00,0x00,0x00,0x00,0x00,0x00,0xE0,0x03,0xF8,0x1F,0x00,0x08,0x00,0x00,0x08,0x00,0x00,0xF8,0xFF,0x01,0x48,0x80,0x01,0x88,0xC0,0x00,0x08,0x61,0x00,0x08,0x36,0x00,0x04,0x1C,0x00,0x84,0xE3,0x00,0x72,0x00,0x07,0x00,0x00,0x00,0x00,0x00,0x00,0x00,0x00,0x00},{"反"},/*5*/																																																																																																					
	{0x00,0x00,0x00,0x00,0x00,0x00,0x00,0x00,0x00,0x00,0x00,0x00,0x00,0x00,0x00,0x00,0x01,0x00,0x00,0x03,0x00,0xFE,0xFF,0x01,0x62,0x00,0x01,0xF8,0x7F,0x00,0x7E,0x30,0x00,0x80,0x0F,0x00,0x7F,0xF0,0x03,0xF8,0x7F,0x00,0x08,0x40,0x00,0xF8,0x7F,0x00,0x08,0x40,0x00,0x00,0x00,0x00,0x00,0x00,0x00,0x00,0x00,0x00},{"客"},/*6*/																																																																																																				
	{0x00,0x00,0x00,0x00,0x00,0x00,0x00,0x00,0x00,0x00,0x00,0x00,0x00,0x00,0x00,0xE0,0x40,0x00,0x1E,0x46,0x00,0x10,0x4C,0x00,0x10,0x58,0x00,0xFE,0x43,0x00,0x10,0x46,0x00,0x78,0x4C,0x00,0xDC,0x40,0x00,0x14,0xF0,0x03,0x92,0x4F,0x00,0x10,0x40,0x00,0x10,0x40,0x00,0x00,0x00,0x00,0x00,0x00,0x00,0x00,0x00,0x00},{"科"},/*7*/																																																																																																					
	{0x00,0x00,0x00,0x00,0x00,0x00,0x00,0x00,0x00,0x00,0x00,0x00,0x00,0x00,0x00,0x08,0x10,0x00,0x08,0x10,0x00,0xFF,0xFF,0x03,0x08,0x10,0x00,0x08,0x10,0x00,0xE8,0xFF,0x01,0x1C,0x02,0x01,0x0B,0x86,0x00,0x08,0x6C,0x00,0x08,0x18,0x00,0x08,0x6F,0x00,0xEF,0x80,0x03,0x00,0x00,0x00,0x00,0x00,0x00,0x00,0x00,0x00},{"技"},/*8*/
};

// 汉字字模数据，字体为2424
// 添加新字模时，一定要不超过数组第一维的大小，用户可根据需求自行调整
//	中文标点符号和英文标点符号是不一样的！如果没有对中文标点符号进行取模，显示时要用英文输入标点，使用ASCII的字模
// 每个字模后面都必须要有一个对应的汉字作为索引
//
const uint8_t  Chinese_2424[100][72]=	
{ 
// 文本显示，可显示中文和字符集用户可根据需求对字库进行增添和删减体：反客科技
	{0x00,0x00,0x00,0x00,0x00,0x00,0x00,0x00,0x00,0x00,0x1C,0x00,0x00,0x38,0x00,0x00,0x60,0x00,0xFF,0xFF,0xFF,0x60,0x00,0x0C,0x60,0x00,0x0C,0xC0,0x00,0x06,0xC0,0x00,0x06,0x80,0x01,0x03,0x00,0x83,0x01,0x00,0xC7,0x00,0x00,0x6C,0x00,0x00,0x38,0x00,0x00,0xEE,0x00,0xC0,0x83,0x07,0x78,0x00,0x3C,0x06,0x00,0xE0,0x00,0x00,0x00,0x00,0x00,0x00,0x00,0x00,0x00,0x00,0x00,0x00},{"文"},/*0*/
	{0x00,0x00,0x00,0x00,0x00,0x00,0x00,0x00,0x00,0x00,0x00,0x00,0x00,0x18,0x00,0x00,0x18,0x00,0x00,0x18,0x00,0xFE,0xFF,0xFF,0x00,0x3C,0x00,0x00,0x7E,0x00,0x00,0xDB,0x00,0x80,0x99,0x00,0xC0,0x18,0x01,0x60,0x18,0x02,0x30,0x18,0x0C,0x1C,0x18,0x18,0x0E,0x18,0x70,0xE2,0xFF,0x47,0x00,0x18,0x00,0x00,0x18,0x00,0x00,0x18,0x00,0x00,0x18,0x00,0x00,0x00,0x00,0x00,0x00,0x00},{"本"},/*1*/
	{0x00,0x00,0x00,0x00,0x00,0x00,0x00,0x00,0x00,0x00,0x00,0x00,0x00,0x00,0x00,0xF8,0xFF,0x3F,0x18,0x00,0x30,0x18,0x00,0x30,0xF8,0xFF,0x3F,0x18,0x00,0x30,0x18,0x00,0x30,0xF8,0xFF,0x3F,0x18,0x00,0x30,0x04,0xC6,0x20,0x08,0xC6,0x30,0x18,0xC6,0x38,0x30,0xC6,0x18,0x20,0xC6,0x08,0x00,0xC6,0x00,0xFE,0xFF,0xFF,0x00,0x00,0x00,0x00,0x00,0x00,0x00,0x00,0x00,0x00,0x00,0x00},{"显"},/*2*/
	{0x00,0x00,0x00,0x00,0x00,0x00,0x00,0x00,0x00,0x00,0x00,0x00,0x00,0x00,0x00,0xFC,0xFF,0x7F,0x00,0x00,0x00,0x00,0x00,0x00,0x00,0x00,0x00,0x00,0x00,0x00,0xFF,0xFF,0xFF,0x00,0x30,0x00,0x20,0x30,0x04,0x30,0x30,0x0C,0x38,0x30,0x18,0x18,0x30,0x30,0x0C,0x30,0x60,0x06,0x30,0xC0,0x02,0x30,0x80,0x00,0x30,0x00,0x80,0x1F,0x00,0x00,0x00,0x00,0x00,0x00,0x00,0x00,0x00,0x00},{"示"},/*3*/
	{0x00,0x00,0x00,0x00,0x00,0x00,0x00,0x00,0x00,0x00,0x00,0x00,0x00,0x00,0x00,0x00,0x00,0x00,0x00,0x00,0x00,0x00,0x00,0x00,0x00,0x00,0x00,0x00,0x00,0x00,0x00,0x00,0x00,0x00,0x00,0x00,0x00,0x00,0x00,0x00,0x00,0x00,0x00,0x00,0x00,0x00,0x00,0x00,0x00,0x00,0x00,0xE0,0x00,0x00,0x60,0x00,0x00,0x60,0x00,0x00,0x30,0x00,0x00,0x30,0x00,0x00,0x00,0x00,0x00,0x00,0x00,0x00},{"，"},/*4*/
	{0x00,0x00,0x00,0x00,0x00,0x00,0x00,0x00,0x00,0x00,0x00,0x00,0x00,0x00,0x00,0xFF,0xFF,0xFF,0x00,0x00,0x0C,0x00,0x00,0x0C,0x00,0x00,0x0C,0xF8,0x3F,0x0C,0x18,0x30,0x0C,0x18,0x30,0x0C,0x18,0x30,0x0C,0x18,0x30,0x0C,0x18,0x30,0x0C,0xF8,0x3F,0x0C,0x18,0x00,0x0C,0x00,0x00,0x0C,0x00,0x00,0x0C,0x00,0x00,0x0C,0x00,0xF0,0x07,0x00,0x00,0x00,0x00,0x00,0x00,0x00,0x00,0x00},{"可"},/*5*/
	{0x00,0x00,0x00,0x00,0x00,0x00,0x00,0x00,0x00,0x00,0x00,0x00,0x00,0x00,0x00,0xF8,0xFF,0x3F,0x18,0x00,0x30,0x18,0x00,0x30,0xF8,0xFF,0x3F,0x18,0x00,0x30,0x18,0x00,0x30,0xF8,0xFF,0x3F,0x18,0x00,0x30,0x04,0xC6,0x20,0x08,0xC6,0x30,0x18,0xC6,0x38,0x30,0xC6,0x18,0x20,0xC6,0x08,0x00,0xC6,0x00,0xFE,0xFF,0xFF,0x00,0x00,0x00,0x00,0x00,0x00,0x00,0x00,0x00,0x00,0x00,0x00},{"显"},/*6*/
	{0x00,0x00,0x00,0x00,0x00,0x00,0x00,0x00,0x00,0x00,0x00,0x00,0x00,0x00,0x00,0xFC,0xFF,0x7F,0x00,0x00,0x00,0x00,0x00,0x00,0x00,0x00,0x00,0x00,0x00,0x00,0xFF,0xFF,0xFF,0x00,0x30,0x00,0x20,0x30,0x04,0x30,0x30,0x0C,0x38,0x30,0x18,0x18,0x30,0x30,0x0C,0x30,0x60,0x06,0x30,0xC0,0x02,0x30,0x80,0x00,0x30,0x00,0x80,0x1F,0x00,0x00,0x00,0x00,0x00,0x00,0x00,0x00,0x00,0x00},{"示"},/*7*/
	{0x00,0x00,0x00,0x00,0x00,0x00,0x00,0x00,0x00,0x00,0x00,0x00,0x00,0x18,0x00,0x00,0x18,0x00,0x00,0x18,0x00,0x00,0x18,0x00,0xFC,0xFF,0x7F,0x0C,0x18,0x60,0x0C,0x18,0x60,0x0C,0x18,0x60,0x0C,0x18,0x60,0x0C,0x18,0x60,0xFC,0xFF,0x7F,0x0C,0x18,0x60,0x00,0x18,0x00,0x00,0x18,0x00,0x00,0x18,0x00,0x00,0x18,0x00,0x00,0x18,0x00,0x00,0x00,0x00,0x00,0x00,0x00,0x00,0x00,0x00},{"中"},/*8*/
	{0x00,0x00,0x00,0x00,0x00,0x00,0x00,0x00,0x00,0x00,0x1C,0x00,0x00,0x38,0x00,0x00,0x60,0x00,0xFF,0xFF,0xFF,0x60,0x00,0x0C,0x60,0x00,0x0C,0xC0,0x00,0x06,0xC0,0x00,0x06,0x80,0x01,0x03,0x00,0x83,0x01,0x00,0xC7,0x00,0x00,0x6C,0x00,0x00,0x38,0x00,0x00,0xEE,0x00,0xC0,0x83,0x07,0x78,0x00,0x3C,0x06,0x00,0xE0,0x00,0x00,0x00,0x00,0x00,0x00,0x00,0x00,0x00,0x00,0x00,0x00},{"文"},/*9*/
	{0x00,0x00,0x00,0x00,0x00,0x00,0x00,0x00,0x00,0x00,0x00,0x00,0x00,0x00,0x00,0xC0,0x07,0x00,0x7F,0x00,0x00,0x60,0xE0,0xFF,0x60,0x60,0xC0,0xFF,0x6F,0xC0,0x70,0x60,0xC0,0x70,0x60,0xC0,0xF8,0x61,0xC0,0xF8,0x63,0xC0,0x6C,0x66,0xC0,0x66,0x6C,0xC0,0x63,0x60,0xC0,0x61,0x60,0xC0,0x60,0xE0,0xFF,0x60,0x60,0xC0,0x60,0x60,0xC0,0x00,0x00,0x00,0x00,0x00,0x00,0x00,0x00,0x00},{"和"},/*10*/
	{0x00,0x00,0x00,0x00,0x00,0x00,0x00,0x00,0x00,0x00,0x08,0x00,0x00,0x18,0x00,0x00,0x30,0x00,0xFE,0xFF,0xFF,0x06,0x00,0xC0,0x06,0x00,0xC0,0xE0,0xFF,0x0F,0x00,0x00,0x07,0x00,0x80,0x01,0x00,0xE0,0x00,0x00,0x30,0x00,0xFF,0xFF,0xFF,0x00,0x30,0x00,0x00,0x30,0x00,0x00,0x30,0x00,0x00,0x30,0x00,0x80,0x1F,0x00,0x00,0x00,0x00,0x00,0x00,0x00,0x00,0x00,0x00,0x00,0x00,0x00},{"字"},/*11*/
	{0x00,0x00,0x00,0x00,0x00,0x00,0x00,0x00,0x00,0x20,0x80,0x01,0x30,0xC0,0x00,0xF8,0xDF,0xFF,0xC8,0x60,0x06,0x84,0x71,0x0C,0x02,0x39,0x08,0x01,0x10,0x00,0x60,0x00,0x0C,0x70,0x00,0x0C,0xB8,0xFF,0xFF,0x3C,0x00,0x0C,0x36,0x04,0x0C,0x32,0x0C,0x0C,0x30,0x18,0x0C,0x30,0x10,0x0C,0x30,0x00,0x0C,0x30,0x00,0x0C,0x30,0xE0,0x07,0x00,0x00,0x00,0x00,0x00,0x00,0x00,0x00,0x00},{"符"},/*12*/
	{0x00,0x00,0x00,0x00,0x00,0x00,0x00,0x00,0x00,0x00,0x00,0x00,0xC0,0x30,0x00,0x60,0xE0,0x00,0xF0,0xFF,0xFF,0x38,0x60,0x00,0xF6,0xFF,0xFF,0x33,0x60,0x00,0xF0,0xFF,0xFF,0x30,0x60,0x00,0xF0,0xFF,0xFF,0x30,0x00,0x00,0x00,0x30,0x00,0x00,0x30,0x00,0xFE,0xFF,0xFF,0x00,0xFE,0x01,0x80,0x31,0x07,0x70,0x30,0x38,0x0F,0x30,0xC0,0x00,0x00,0x00,0x00,0x00,0x00,0x00,0x00,0x00},{"集"},/*13*/
	{0x00,0x00,0x00,0x00,0x00,0x00,0x00,0x00,0x00,0x00,0x00,0x00,0x00,0x00,0x00,0xF8,0xFF,0x7F,0x18,0x30,0x60,0x18,0x30,0x60,0x18,0x30,0x60,0x18,0x30,0x60,0xF8,0xFF,0x7F,0x18,0x30,0x60,0x18,0x30,0x60,0x18,0x30,0x60,0x18,0x30,0x60,0xF8,0xFF,0x7F,0x1C,0x30,0x60,0x0C,0x30,0x60,0x0C,0x30,0x60,0x06,0x30,0x60,0x02,0x30,0x3F,0x00,0x00,0x00,0x00,0x00,0x00,0x00,0x00,0x00},{"用"},/*14*/
	{0x00,0x00,0x00,0x00,0x00,0x00,0x00,0x00,0x00,0x00,0x00,0x00,0x00,0x08,0x00,0x00,0x18,0x00,0x00,0x30,0x00,0xF8,0xFF,0x7F,0x18,0x00,0x60,0x18,0x00,0x60,0x18,0x00,0x60,0x18,0x00,0x60,0xF8,0xFF,0x7F,0x18,0x00,0x60,0x18,0x00,0x00,0x18,0x00,0x00,0x0C,0x00,0x00,0x0C,0x00,0x00,0x06,0x00,0x00,0x06,0x00,0x00,0x03,0x00,0x00,0x00,0x00,0x00,0x00,0x00,0x00,0x00,0x00,0x00},{"户"},/*15*/
	{0x00,0x00,0x00,0x00,0x00,0x00,0x00,0x00,0x00,0x00,0x00,0x00,0x00,0x00,0x00,0xFF,0xFF,0xFF,0x00,0x00,0x0C,0x00,0x00,0x0C,0x00,0x00,0x0C,0xF8,0x3F,0x0C,0x18,0x30,0x0C,0x18,0x30,0x0C,0x18,0x30,0x0C,0x18,0x30,0x0C,0x18,0x30,0x0C,0xF8,0x3F,0x0C,0x18,0x00,0x0C,0x00,0x00,0x0C,0x00,0x00,0x0C,0x00,0x00,0x0C,0x00,0xF0,0x07,0x00,0x00,0x00,0x00,0x00,0x00,0x00,0x00,0x00},{"可"},/*16*/
	{0x00,0x00,0x00,0x00,0x00,0x00,0x00,0x00,0x00,0x00,0x00,0x00,0x30,0x00,0x00,0x30,0xF8,0x7F,0x30,0x18,0x60,0xFF,0x1B,0x60,0x30,0xF8,0x7F,0x38,0x18,0x60,0x38,0x18,0x60,0xFC,0x18,0x60,0xB6,0xF9,0x7F,0x36,0x9A,0x01,0x33,0x18,0xC3,0x30,0x18,0x33,0x30,0x18,0x0E,0x30,0x18,0x1D,0x30,0xD8,0x39,0x30,0x7C,0xE0,0x30,0x08,0xC0,0x00,0x00,0x00,0x00,0x00,0x00,0x00,0x00,0x00},{"根"},/*17*/
	{0x00,0x00,0x00,0x00,0x00,0x00,0x00,0x00,0x00,0x00,0x00,0x00,0x30,0x00,0x00,0x30,0xFE,0x7F,0x30,0x06,0x60,0xFE,0x06,0x60,0x30,0xFE,0x7F,0x30,0x06,0x63,0x30,0x06,0x03,0x30,0xFE,0xFF,0xB0,0x06,0x03,0x78,0x06,0x03,0x36,0x06,0x03,0x30,0xFA,0x7F,0x30,0x1B,0x60,0x30,0x1B,0x60,0xB0,0x19,0x60,0xB0,0xF9,0x7F,0xDE,0x18,0x60,0x00,0x00,0x00,0x00,0x00,0x00,0x00,0x00,0x00},{"据"},/*18*/
	{0x00,0x00,0x00,0x00,0x00,0x00,0x00,0x00,0x00,0x00,0x00,0x00,0x00,0x00,0x00,0xFC,0xFF,0x7F,0x00,0x18,0x00,0xFE,0xFF,0xFF,0x06,0x18,0xC0,0xF6,0xDB,0xDF,0x00,0x18,0x00,0xF0,0xDB,0x1F,0x00,0x00,0x00,0xFF,0xFF,0xFF,0x00,0x18,0x00,0x00,0x18,0x00,0xFC,0xFF,0x3F,0x0C,0xC6,0x30,0x0C,0xC6,0x30,0x0C,0xC6,0x30,0x0C,0xC6,0x30,0x0C,0x00,0x1E,0x00,0x00,0x00,0x00,0x00,0x00},{"需"},/*19*/
	{0x00,0x00,0x00,0x00,0x00,0x00,0x00,0x00,0x00,0x00,0x00,0x00,0x00,0x30,0x07,0x00,0x30,0x1C,0x00,0x30,0x00,0xFE,0xFF,0xFF,0x00,0x30,0x00,0x08,0x30,0x00,0x10,0x30,0x60,0x30,0x70,0x30,0x60,0xF0,0x18,0x40,0xB0,0x0C,0x00,0xBC,0x03,0x00,0x33,0x07,0xE0,0x30,0x0C,0x18,0x30,0x18,0x06,0x30,0x60,0x00,0x30,0xC0,0x80,0x1F,0x00,0x00,0x00,0x00,0x00,0x00,0x00,0x00,0x00,0x00},{"求"},/*20*/
	{0x00,0x00,0x00,0x00,0x00,0x00,0x00,0x00,0x00,0x00,0x00,0x00,0x00,0x00,0x30,0x00,0x00,0x30,0xFE,0x03,0x30,0x00,0x03,0x30,0x02,0xFB,0xFF,0x0C,0x01,0x30,0x98,0x31,0x30,0xB0,0x61,0x30,0xE0,0xE0,0x30,0xC0,0xC0,0x30,0xE0,0x81,0x30,0xB0,0x03,0x30,0x18,0x03,0x30,0x0C,0x02,0x30,0x06,0x00,0x30,0x03,0xC0,0x1F,0x00,0x00,0x00,0x00,0x00,0x00,0x00,0x00,0x00,0x00,0x00,0x00},{"对"},/*21*/
	{0x00,0x00,0x00,0x00,0x00,0x00,0x00,0x00,0x00,0x00,0x08,0x00,0x00,0x18,0x00,0x00,0x30,0x00,0xFE,0xFF,0xFF,0x06,0x00,0xC0,0x06,0x00,0xC0,0xE0,0xFF,0x0F,0x00,0x00,0x07,0x00,0x80,0x01,0x00,0xE0,0x00,0x00,0x30,0x00,0xFF,0xFF,0xFF,0x00,0x30,0x00,0x00,0x30,0x00,0x00,0x30,0x00,0x00,0x30,0x00,0x80,0x1F,0x00,0x00,0x00,0x00,0x00,0x00,0x00,0x00,0x00,0x00,0x00,0x00,0x00},{"字"},/*22*/
	{0x00,0x00,0x00,0x00,0x00,0x00,0x00,0x00,0x00,0x00,0x00,0x00,0x00,0x30,0x00,0x00,0xE0,0x00,0xF8,0xFF,0xFF,0x18,0x30,0x00,0x18,0x18,0x00,0xD8,0xFF,0xFF,0x18,0x06,0x00,0x18,0x86,0x01,0x18,0x83,0x01,0x98,0xFF,0xFF,0x18,0x80,0x01,0x18,0x80,0x01,0x0C,0x80,0x01,0xEC,0xFF,0xFF,0x04,0x80,0x01,0x06,0x80,0x01,0x03,0x80,0x01,0x00,0x00,0x00,0x00,0x00,0x00,0x00,0x00,0x00},{"库"},/*23*/
	{0x00,0x00,0x00,0x00,0x00,0x00,0x00,0x00,0x00,0x00,0x00,0x00,0x08,0x18,0x0C,0x18,0x18,0x0C,0x30,0x18,0x0C,0x20,0xFF,0xFF,0x00,0x18,0x0C,0x00,0x18,0x0C,0x3E,0x18,0x0C,0x30,0x18,0x0C,0xB0,0xFF,0xFF,0x30,0x18,0x0C,0x30,0x18,0x0C,0x30,0x1C,0x0C,0x30,0x0C,0x0C,0x30,0x06,0x0C,0x7C,0x02,0x0C,0xCE,0x00,0x00,0x04,0xFF,0xFF,0x00,0x00,0x00,0x00,0x00,0x00,0x00,0x00,0x00},{"进"},/*24*/
	{0x00,0x00,0x00,0x00,0x00,0x00,0x00,0x00,0x00,0x00,0x00,0x00,0x40,0x00,0x00,0x60,0xF8,0xFF,0x30,0x00,0x00,0x18,0x00,0x00,0x86,0x00,0x00,0xC3,0x00,0x00,0x60,0x00,0x00,0x30,0xFE,0xFF,0x38,0x00,0x0C,0x3C,0x00,0x0C,0x36,0x00,0x0C,0x33,0x00,0x0C,0x30,0x00,0x0C,0x30,0x00,0x0C,0x30,0x00,0x0C,0x30,0x00,0x0C,0x30,0xF0,0x07,0x00,0x00,0x00,0x00,0x00,0x00,0x00,0x00,0x00},{"行"},/*25*/
	{0x00,0x00,0x00,0x00,0x00,0x00,0x00,0x00,0x00,0x00,0x00,0x00,0x18,0x18,0x18,0x18,0x30,0x0C,0x18,0xFF,0xFF,0x18,0x83,0xC1,0x7F,0x9B,0xD9,0x18,0xB3,0xC7,0x18,0x83,0xC1,0x18,0xFF,0xFF,0x18,0x00,0x00,0x18,0xFE,0x7F,0x18,0x06,0x60,0x18,0x06,0x60,0xD8,0xFE,0x7F,0x3C,0x06,0x60,0x03,0x06,0x60,0x00,0xFE,0x7F,0x00,0x06,0x60,0x00,0x00,0x00,0x00,0x00,0x00,0x00,0x00,0x00},{"增"},/*26*/
	{0x00,0x00,0x00,0x00,0x00,0x00,0x00,0x00,0x00,0x00,0x00,0x00,0x06,0x00,0x00,0x38,0xFE,0x7F,0x20,0xC0,0x00,0x00,0xC0,0x00,0x00,0x60,0x00,0x83,0xFF,0x7F,0x1E,0x30,0x03,0x10,0x18,0x06,0x00,0x0E,0x0C,0x80,0x63,0x30,0xD8,0x60,0x60,0x18,0x6C,0x1B,0x0C,0x66,0x36,0x0C,0x63,0x66,0x8C,0x63,0xCC,0x06,0x60,0x00,0x06,0x3C,0x00,0x00,0x00,0x00,0x00,0x00,0x00,0x00,0x00,0x00},{"添"},/*27*/
	{0x00,0x00,0x00,0x00,0x00,0x00,0x00,0x00,0x00,0x00,0x00,0x00,0x00,0x00,0x00,0xC0,0x07,0x00,0x7F,0x00,0x00,0x60,0xE0,0xFF,0x60,0x60,0xC0,0xFF,0x6F,0xC0,0x70,0x60,0xC0,0x70,0x60,0xC0,0xF8,0x61,0xC0,0xF8,0x63,0xC0,0x6C,0x66,0xC0,0x66,0x6C,0xC0,0x63,0x60,0xC0,0x61,0x60,0xC0,0x60,0xE0,0xFF,0x60,0x60,0xC0,0x60,0x60,0xC0,0x00,0x00,0x00,0x00,0x00,0x00,0x00,0x00,0x00},{"和"},/*28*/
	{0x00,0x00,0x00,0x00,0x00,0x00,0x00,0x00,0x00,0x00,0x00,0x00,0x00,0x00,0xC0,0xFC,0xFC,0xC0,0xCC,0xCC,0xCC,0xCC,0xCC,0xCC,0xCC,0xCC,0xCC,0xCC,0xCC,0xCC,0xCC,0xCC,0xCC,0xCC,0xCC,0xCC,0xFF,0xFF,0xCF,0xCC,0xCC,0xCC,0xCC,0xCC,0xCC,0xCC,0xCC,0xCC,0xCC,0xCC,0xCC,0xCC,0xCC,0xC0,0xC6,0xC6,0xC0,0xFE,0xC6,0xC0,0x03,0xFB,0x7C,0x00,0x00,0x00,0x00,0x00,0x00,0x00,0x00,0x00},{"删"},/*29*/
	{0x00,0x00,0x00,0x00,0x00,0x00,0x00,0x00,0x00,0x00,0x00,0x00,0x00,0x00,0x16,0x04,0x00,0x26,0x0C,0x00,0x46,0x98,0xFF,0xFF,0x90,0x01,0x06,0x80,0xFD,0x06,0x80,0x01,0xC6,0x80,0x01,0x66,0xB0,0xF9,0x66,0xB8,0xD9,0x36,0x98,0xD9,0x34,0x98,0xD9,0x1C,0xCC,0xF8,0x8C,0xCC,0x18,0x8E,0x66,0x00,0x9B,0x20,0xC0,0xF1,0x10,0xC0,0xE0,0x00,0x00,0x00,0x00,0x00,0x00,0x00,0x00,0x00},{"减"},/*30*/
	{0x00,0x00,0x00,0x00,0x00,0x00,0x00,0x00,0x00,0x00,0x00,0x00,0x60,0xC0,0x00,0x70,0xC0,0x00,0x30,0xC0,0x00,0x30,0xC0,0x00,0x98,0xFF,0xFF,0x18,0xF0,0x03,0x1C,0xD0,0x02,0x1E,0xD8,0x06,0x1B,0xCC,0x04,0x19,0xC6,0x0C,0x18,0xC6,0x18,0x98,0xC3,0x30,0xD8,0xFC,0xEF,0x78,0xC0,0x80,0x18,0xC0,0x00,0x18,0xC0,0x00,0x18,0xC0,0x00,0x00,0x00,0x00,0x00,0x00,0x00,0x00,0x00,0x00},{"体"},/*0*/
	{0x00,0x00,0x00,0x00,0x00,0x00,0x00,0x00,0x00,0x00,0x00,0x00,0x00,0x00,0x00,0x00,0x00,0x00,0x00,0x00,0x00,0x00,0x00,0x00,0x00,0x00,0x00,0xE0,0x00,0x00,0xE0,0x00,0x00,0x00,0x00,0x00,0x00,0x00,0x00,0x00,0x00,0x00,0x00,0x00,0x00,0x00,0x00,0x00,0x00,0x00,0x00,0xE0,0x00,0x00,0xE0,0x00,0x00,0x00,0x00,0x00,0x00,0x00,0x00,0x00,0x00,0x00,0x00,0x00,0x00,0x00,0x00,0x00},{"："},/*1*/
	{0x00,0x00,0x00,0x00,0x00,0x00,0x00,0x00,0x00,0x00,0x00,0x00,0x00,0x00,0x7F,0xF8,0xFF,0x00,0x18,0x00,0x00,0x18,0x00,0x00,0x18,0x00,0x00,0xF8,0xFF,0x3F,0x98,0x01,0x30,0x98,0x03,0x18,0x18,0x03,0x08,0x18,0x06,0x0C,0x18,0x0C,0x06,0x08,0x18,0x03,0x0C,0xF0,0x00,0x0C,0xF0,0x01,0x06,0x1C,0x07,0x86,0x03,0x3C,0x73,0x00,0xE0,0x00,0x00,0x00,0x00,0x00,0x00,0x00,0x00,0x00},{"反"},/*2*/
	{0x00,0x00,0x00,0x00,0x00,0x00,0x00,0x00,0x00,0x00,0x00,0x00,0x00,0x10,0x00,0x00,0x70,0x00,0xFC,0xFF,0xFF,0x0C,0x07,0xC0,0x8C,0x03,0xC0,0xC0,0xFF,0x1F,0xF0,0x03,0x0E,0x1C,0x8E,0x03,0x00,0x78,0x00,0xC0,0xC7,0x07,0x3F,0x00,0xF8,0xE0,0xFF,0x1F,0x60,0x00,0x18,0x60,0x00,0x18,0x60,0x00,0x18,0xE0,0xFF,0x1F,0x60,0x00,0x18,0x00,0x00,0x00,0x00,0x00,0x00,0x00,0x00,0x00},{"客"},/*3*/
	{0x00,0x00,0x00,0x00,0x00,0x00,0x00,0x00,0x00,0x00,0x00,0x00,0x00,0x00,0x18,0x80,0x07,0x18,0x7E,0x30,0x18,0x60,0x60,0x18,0x60,0x80,0x19,0x60,0x00,0x1B,0xFE,0x07,0x18,0x60,0x18,0x18,0xF0,0x71,0x18,0x70,0xC3,0x18,0x68,0x06,0x18,0x6C,0x00,0xFF,0x66,0xFE,0x18,0x62,0x00,0x18,0x60,0x00,0x18,0x60,0x00,0x18,0x60,0x00,0x18,0x00,0x00,0x00,0x00,0x00,0x00,0x00,0x00,0x00},{"科"},/*4*/
	{0x00,0x00,0x00,0x00,0x00,0x00,0x00,0x00,0x00,0x00,0x00,0x00,0x30,0x00,0x03,0x30,0x00,0x03,0x30,0x00,0x03,0x30,0xFC,0xFF,0xFF,0x01,0x03,0x30,0x00,0x03,0x30,0x00,0x03,0x30,0xFE,0x7F,0xF0,0x19,0x60,0x3F,0x38,0x30,0x30,0x30,0x18,0x30,0x60,0x0C,0x30,0xC0,0x06,0x30,0x80,0x03,0x30,0xE0,0x0E,0x30,0x38,0x78,0x1F,0x07,0xC0,0x00,0x00,0x00,0x00,0x00,0x00,0x00,0x00,0x00},{"技"},/*5*/
};

// 汉字字模数据，字体为3232
// 添加新字模时，一定要不超过数组第一维的大小，用户可根据需求自行调整
//	中文标点符号和英文标点符号是不一样的！如果没有对中文标点符号进行取模，显示时要用英文输入标点，使用ASCII的字模
// 每个字模后面都必须要有一个对应的汉字作为索引
//
const uint8_t  Chinese_3232[300][128]=	
{ 
// 刷屏测试核心板型号：幕分辨率颜色
// 格式文本显示中字体反客科技
// 变量多余位填充空格正整数负小
// 总计种绘图矩形片制竖三基阶双层背景前
	
	{0x00,0x00,0x00,0x00,0x00,0x00,0x00,0x00,0x00,0x00,0x00,0x00,0x00,0x00,0x00,0x08,0x00,0x00,0x00,0x1C,0xF0,0xFF,0xFF,0x1F,0x00,0x00,0x03,0x00,0x00,0x00,0x03,0x00,0x00,0x00,0x03,0x00,0x00,0x00,0x03,0x00,0x00,0x00,0x03,0x00,0x00,0x00,0x03,0x00,0x00,0x01,0x03,0x00,0x00,0x07,0x03,0x00,0x00,0x03,0x03,0x06,0x00,0x03,0xFF,0x0F,0x00,0x03,0x03,0x00,0x00,0x03,0x03,0x00,0x00,0x03,0x03,0x00,0x00,0x03,0x03,0x00,0x00,0x03,0x03,0x00,0x00,0x03,0x03,0x00,0x00,0x03,0x03,0x00,0x00,0x03,0x03,0x00,0x00,0x03,0x03,0x00,0x00,0x03,0x03,0x00,0x00,0x03,0x03,0x08,0x00,0x03,0x03,0x1C,0xFC,0xFF,0xFF,0x3F,0x00,0x00,0x00,0x00,0x00,0x00,0x00,0x00,0x00,0x00,0x00,0x00},{"正"},

	{0x00,0x00,0x00,0x00,0x00,0x00,0x00,0x00,0x00,0x80,0x40,0x00,0x00,0x81,0xC1,0x00,0x00,0x86,0xE1,0x00,0x00,0x8E,0x21,0x00,0x00,0x8C,0x11,0x00,0x00,0x84,0x09,0x18,0xF0,0xFF,0xFF,0x3F,0x10,0x00,0x00,0x18,0x10,0x00,0x00,0x0C,0x18,0x02,0x20,0x04,0x0C,0xFE,0x7F,0x00,0x00,0x06,0x60,0x00,0x00,0x06,0x60,0x00,0x00,0x06,0x60,0x00,0x00,0xFE,0x7F,0x00,0x00,0x86,0x61,0x00,0x00,0x80,0x01,0x00,0x40,0x80,0x01,0x01,0xC0,0xFF,0xFF,0x03,0xC0,0x80,0x01,0x03,0xC0,0x80,0x01,0x03,0xC0,0x80,0x01,0x03,0xC0,0x80,0x01,0x03,0xC0,0x80,0x01,0x03,0xC0,0x80,0x31,0x03,0xC0,0x80,0xC1,0x01,0xC0,0x80,0x81,0x01,0x00,0x80,0x01,0x00,0x00,0x80,0x01,0x00,0x00,0x00,0x00,0x00},{"常"},

  {0x00,0x00,0x00,0x00,0x00,0x00,0x00,0x00,0x40,0x00,0x41,0x00,0xC0,0x01,0xC7,0x01,0xC0,0x00,0xC3,0x00,0xC0,0x00,0xC3,0x18,0xC0,0xF8,0xFF,0x3F,0xC0,0x00,0xC3,0x00,0xC0,0x0C,0xC3,0x00,0xFE,0x1F,0xC3,0x00,0xC0,0x40,0x00,0x00,0xC0,0xC0,0xFF,0x0F,0xC0,0xC0,0x00,0x06,0xE0,0xC1,0x00,0x06,0xE0,0xC6,0xFF,0x07,0xE0,0xCC,0x00,0x06,0xF0,0xCC,0x00,0x06,0xD0,0xC8,0x00,0x06,0xD0,0xC8,0xFF,0x07,0xC8,0xC0,0x18,0x06,0xC8,0x40,0x18,0x00,0xC4,0x00,0x08,0x18,0xC2,0xFC,0xFF,0x3F,0xC0,0x00,0x2C,0x00,0xC0,0x00,0x4C,0x00,0xC0,0x00,0xC6,0x00,0xC0,0x00,0x82,0x01,0xC0,0x00,0x03,0x07,0xC0,0xC0,0x00,0x7E,0xC0,0x70,0x00,0x1C,0x40,0x0C,0x00,0x00,0x00,0x00,0x00,0x00},{"模"},

  {0x00,0x00,0x00,0x00,0x00,0x00,0x00,0x00,0x00,0x00,0x06,0x00,0x00,0x00,0x4E,0x00,0x00,0x00,0x86,0x01,0x00,0x00,0x06,0x03,0x00,0x00,0x04,0x07,0x00,0x00,0x04,0x0A,0x00,0x00,0x04,0x1C,0xF8,0xFF,0xFF,0x3F,0x00,0x00,0x0C,0x00,0x00,0x00,0x0C,0x00,0x00,0x00,0x0C,0x00,0x00,0x00,0x0C,0x00,0x00,0xC0,0x0C,0x00,0xF8,0xFF,0x0D,0x00,0x00,0x06,0x0C,0x00,0x00,0x06,0x18,0x00,0x00,0x06,0x18,0x00,0x00,0x06,0x18,0x00,0x00,0x06,0x18,0x00,0x00,0x06,0x30,0x00,0x00,0x06,0x30,0x20,0x00,0x06,0x62,0x20,0x00,0xC6,0xE1,0x10,0x00,0x3E,0xC0,0x10,0xE0,0x07,0x80,0x31,0xFC,0x00,0x80,0x37,0x18,0x00,0x00,0x3F,0x00,0x00,0x00,0x3C,0x00,0x00,0x00,0x30,0x00,0x00,0x00,0x00},{"式"},

  {0x00,0x00,0x00,0x00,0x00,0x00,0x00,0x00,0x40,0x00,0x41,0x00,0xC0,0x01,0xC7,0x01,0xC0,0x00,0xC3,0x00,0xC0,0x00,0xC3,0x18,0xC0,0xF8,0xFF,0x3F,0xC0,0x00,0xC3,0x00,0xC0,0x0C,0xC3,0x00,0xFE,0x1F,0xC3,0x00,0xC0,0x40,0x00,0x00,0xC0,0xC0,0xFF,0x0F,0xC0,0xC0,0x00,0x06,0xE0,0xC1,0x00,0x06,0xE0,0xC6,0xFF,0x07,0xE0,0xCC,0x00,0x06,0xF0,0xCC,0x00,0x06,0xD0,0xC8,0x00,0x06,0xD0,0xC8,0xFF,0x07,0xC8,0xC0,0x18,0x06,0xC8,0x40,0x18,0x00,0xC4,0x00,0x08,0x18,0xC2,0xFC,0xFF,0x3F,0xC0,0x00,0x2C,0x00,0xC0,0x00,0x4C,0x00,0xC0,0x00,0xC6,0x00,0xC0,0x00,0x82,0x01,0xC0,0x00,0x03,0x07,0xC0,0xC0,0x00,0x7E,0xC0,0x70,0x00,0x1C,0x40,0x0C,0x00,0x00,0x00,0x00,0x00,0x00},{"模"},

  {0x00,0x00,0x00,0x00,0x00,0x00,0x00,0x00,0x00,0x00,0x06,0x00,0x00,0x00,0x4E,0x00,0x00,0x00,0x86,0x01,0x00,0x00,0x06,0x03,0x00,0x00,0x04,0x07,0x00,0x00,0x04,0x0A,0x00,0x00,0x04,0x1C,0xF8,0xFF,0xFF,0x3F,0x00,0x00,0x0C,0x00,0x00,0x00,0x0C,0x00,0x00,0x00,0x0C,0x00,0x00,0x00,0x0C,0x00,0x00,0xC0,0x0C,0x00,0xF8,0xFF,0x0D,0x00,0x00,0x06,0x0C,0x00,0x00,0x06,0x18,0x00,0x00,0x06,0x18,0x00,0x00,0x06,0x18,0x00,0x00,0x06,0x18,0x00,0x00,0x06,0x30,0x00,0x00,0x06,0x30,0x20,0x00,0x06,0x62,0x20,0x00,0xC6,0xE1,0x10,0x00,0x3E,0xC0,0x10,0xE0,0x07,0x80,0x31,0xFC,0x00,0x80,0x37,0x18,0x00,0x00,0x3F,0x00,0x00,0x00,0x3C,0x00,0x00,0x00,0x30,0x00,0x00,0x00,0x00},{"式"},
	
	{0x00,0x00,0x00,0x00,0x00,0x00,0x00,0x00,0x80,0x00,0x10,0x00,0x80,0x03,0x30,0x00,0x80,0x01,0x30,0x00,0x80,0x01,0x10,0x00,0x80,0x01,0x18,0x00,0x80,0x01,0x08,0x00,0x80,0x59,0x04,0x04,0xFC,0xFF,0xFF,0x1F,0x80,0xC1,0x00,0x0C,0x80,0xC1,0x00,0x0C,0x80,0xC1,0x00,0x0C,0x80,0xC1,0x00,0x0C,0x80,0xD1,0x00,0x0C,0x80,0xCD,0x00,0x0C,0x80,0xC3,0x00,0x0C,0xC0,0xC1,0xFF,0x0F,0xF8,0xC1,0x00,0x0C,0x9C,0xC1,0x00,0x0C,0x88,0xC1,0x00,0x0C,0x80,0xC1,0x00,0x0C,0x80,0xC1,0x00,0x0C,0x80,0xC1,0x00,0x0C,0x80,0xC1,0x00,0x0C,0x80,0xC1,0x00,0x0C,0x80,0xC1,0x00,0x0C,0x80,0xC1,0xFF,0x0F,0xF0,0xC1,0x00,0x0C,0xE0,0xC0,0x00,0x0C,0x40,0xC0,0x00,0x04,0x00,0x00,0x00,0x00},{"拍"},

	{0x00,0x00,0x00,0x00,0x00,0x00,0x00,0x00,0x00,0x00,0x00,0x04,0x00,0xC8,0xFF,0x0F,0xF0,0x1F,0x0C,0x0C,0x30,0x0C,0x0C,0x04,0x30,0x0C,0x0C,0x06,0x30,0x0C,0x04,0x06,0x30,0x0C,0x06,0x06,0x30,0x0C,0xE3,0x03,0x30,0x0C,0x81,0x03,0xF0,0x8F,0x80,0x01,0x30,0x4C,0x01,0x04,0x30,0x2C,0xFF,0x0F,0x30,0x0C,0x03,0x06,0x30,0x0C,0x03,0x06,0x30,0x0C,0x03,0x06,0x30,0x0C,0x03,0x06,0x30,0x0C,0x03,0x06,0xF0,0x0F,0xFF,0x07,0x30,0x0C,0x03,0x06,0x30,0x0C,0x00,0x00,0x10,0x00,0x00,0x00,0x00,0x04,0x02,0x02,0x20,0x08,0x0C,0x06,0x20,0x18,0x1C,0x0C,0x30,0x30,0x18,0x1C,0x38,0x30,0x18,0x18,0x38,0x30,0x18,0x18,0x18,0x10,0x00,0x10,0x00,0x00,0x00,0x00,0x00,0x00,0x00,0x00},{"照"},

	{0x00,0x00,0x00,0x00,0x00,0x00,0x00,0x00,0x10,0x00,0x00,0x08,0xF0,0xFF,0xFF,0x1F,0x30,0x20,0x00,0x08,0x30,0x70,0x00,0x08,0x30,0x30,0x00,0x08,0x30,0xF0,0x3F,0x08,0x30,0x18,0x30,0x08,0x30,0x28,0x18,0x08,0x30,0x64,0x0C,0x08,0x30,0x42,0x06,0x08,0x30,0x82,0x06,0x08,0x30,0x81,0x03,0x08,0x30,0x80,0x03,0x08,0x30,0x60,0x0E,0x08,0x30,0x30,0x3C,0x08,0x30,0x0C,0xF0,0x0B,0x30,0xC3,0xC1,0x08,0xF0,0x00,0x07,0x08,0x30,0x00,0x06,0x08,0x30,0x00,0x00,0x08,0x30,0x78,0x00,0x08,0x30,0xC0,0x0F,0x08,0x30,0x00,0x1E,0x08,0x30,0x00,0x18,0x08,0x30,0x00,0x10,0x08,0xF0,0xFF,0xFF,0x0F,0x30,0x00,0x00,0x08,0x30,0x00,0x00,0x08,0x30,0x00,0x00,0x00,0x00,0x00,0x00,0x00},{"图"},

	{0x00,0x00,0x00,0x00,0x00,0x00,0x00,0x00,0x00,0x80,0x00,0x00,0x00,0x80,0x03,0x00,0x00,0x00,0x03,0x00,0x20,0x00,0x02,0x0C,0xE0,0xFF,0xFF,0x1F,0x60,0x40,0x00,0x00,0x60,0x80,0x01,0x00,0x60,0xC0,0x01,0x00,0x60,0xC0,0x00,0x00,0x60,0xC0,0x00,0x04,0xE0,0xFF,0xFF,0x0F,0x60,0x60,0x00,0x00,0x60,0x20,0x0C,0x00,0x60,0x30,0x0C,0x00,0x60,0x10,0x0C,0x00,0x60,0x18,0x0C,0x03,0x60,0xFC,0xFF,0x07,0x20,0x08,0x0C,0x00,0x20,0x00,0x0C,0x00,0x30,0x00,0x0C,0x00,0x30,0x00,0x0C,0x0C,0xB0,0xFF,0xFF,0x1F,0x10,0x00,0x0C,0x00,0x10,0x00,0x0C,0x00,0x08,0x00,0x0C,0x00,0x08,0x00,0x0C,0x00,0x04,0x00,0x0C,0x00,0x04,0x00,0x0C,0x00,0x02,0x00,0x04,0x00,0x00,0x00,0x00,0x00},{"库"},

	{0x00,0x00,0x00,0x00,0x00,0x00,0x00,0x00,0x80,0x00,0x10,0x00,0x80,0x01,0x30,0x00,0x80,0x01,0x30,0x00,0x80,0x01,0x30,0x10,0x80,0x01,0xF0,0x3F,0x80,0x11,0x30,0x00,0xF8,0x3F,0x30,0x00,0x88,0x11,0x30,0x00,0x88,0x11,0x30,0x04,0x88,0x91,0xFF,0x1F,0x88,0x91,0x01,0x0C,0x88,0x91,0x01,0x0C,0x88,0x91,0x11,0x0C,0x88,0x91,0x71,0x0C,0x88,0x91,0x31,0x0C,0x88,0x91,0x31,0x0C,0x88,0x91,0x31,0x0C,0x88,0x91,0x31,0x0C,0x88,0x9B,0x31,0x0C,0x88,0x9D,0x31,0x0C,0x88,0x89,0x11,0x0C,0x80,0x81,0x19,0x04,0x80,0x01,0x98,0x00,0x80,0x01,0x0C,0x03,0x80,0x01,0x04,0x0E,0x80,0x01,0x03,0x1C,0x80,0x81,0x01,0x18,0x80,0x61,0x00,0x10,0x80,0x10,0x00,0x00,0x00,0x00,0x00,0x00},{"帧"},

	{0x00,0x00,0x00,0x00,0x00,0x00,0x00,0x00,0x00,0x40,0x00,0x00,0x00,0xC0,0x01,0x00,0x00,0x80,0x01,0x00,0x00,0x80,0x01,0x04,0xF8,0xFF,0xFF,0x0F,0x00,0xC0,0x00,0x00,0x00,0xC0,0x00,0x00,0x30,0x60,0x08,0x02,0xE0,0x30,0x1C,0x07,0xC0,0x19,0x8C,0x01,0x80,0xFC,0xC7,0x00,0x80,0x1C,0x23,0x00,0x00,0x80,0x01,0x00,0x00,0xC2,0x40,0x00,0x00,0x61,0x84,0x03,0xC0,0x10,0x18,0x07,0x70,0xFC,0x3F,0x0C,0x38,0xBC,0x30,0x0C,0x10,0x80,0x11,0x00,0x00,0x80,0x01,0x00,0x00,0x80,0x01,0x18,0xFC,0xFF,0xFF,0x3F,0x00,0x80,0x01,0x00,0x00,0x80,0x01,0x00,0x00,0x80,0x01,0x00,0x00,0x80,0x01,0x00,0x00,0x80,0x01,0x00,0x00,0x80,0x01,0x00,0x00,0x80,0x00,0x00,0x00,0x00,0x00,0x00},{"率"},

	{0x00,0x00,0x00,0x00,0x00,0x00,0x00,0x00,0x00,0x00,0x00,0x01,0x00,0x00,0xF0,0x03,0x00,0x80,0xFF,0x07,0xF0,0xFF,0x01,0x00,0x00,0x80,0x01,0x00,0x00,0x80,0x01,0x00,0x00,0x80,0x01,0x00,0x00,0x80,0x01,0x00,0x00,0x80,0x01,0x03,0xF0,0xFF,0xFF,0x07,0x00,0x80,0x01,0x00,0x00,0x80,0x01,0x00,0x00,0x80,0x01,0x00,0x00,0x80,0x01,0x00,0x00,0x80,0x01,0x00,0x00,0x80,0x01,0x18,0xFE,0xFF,0xFF,0x3F,0x00,0x80,0x01,0x00,0x00,0x80,0x01,0x00,0x00,0x80,0x01,0x00,0x00,0x80,0x01,0x00,0x00,0x80,0x01,0x00,0x00,0x80,0x01,0x00,0x00,0x80,0x01,0x00,0x00,0x80,0x01,0x00,0x00,0xC0,0x01,0x00,0x00,0xFC,0x00,0x00,0x00,0xE0,0x00,0x00,0x00,0x60,0x00,0x00,0x00,0x00,0x00,0x00},{"手"},

	{0x00,0x00,0x00,0x00,0x00,0x00,0x00,0x00,0x00,0x01,0x04,0x00,0x00,0x07,0x1C,0x00,0x00,0x03,0x0C,0x00,0x00,0x03,0x0C,0x00,0x00,0x13,0x0C,0x01,0xF8,0x7F,0xFC,0x03,0x00,0x83,0x8F,0x01,0x00,0x03,0x8C,0x01,0x00,0x33,0x8C,0x01,0x00,0x0F,0x84,0x01,0xF8,0x83,0x87,0x01,0x38,0x03,0x86,0x11,0x08,0x03,0x1F,0x11,0x00,0x83,0x31,0x11,0x00,0xC3,0x20,0x13,0x10,0x63,0x00,0x1E,0xE0,0xFB,0x00,0x1C,0x80,0x65,0x00,0x19,0xF8,0xFF,0xFF,0x07,0x00,0x20,0x00,0x03,0x00,0x30,0x00,0x03,0x00,0x30,0x00,0x01,0x00,0x18,0x00,0x01,0x00,0x18,0x80,0x01,0x00,0x0C,0x80,0x01,0x00,0x06,0x84,0x01,0x80,0x01,0xF8,0x00,0x60,0x00,0xE0,0x00,0x1C,0x00,0x20,0x00,0x00,0x00,0x00,0x00},{"势"},

	{0x00,0x00,0x00,0x00,0x00,0x00,0x00,0x00,0x00,0x80,0x00,0x00,0x00,0x80,0x03,0x00,0x00,0x80,0x01,0x00,0x00,0x80,0x01,0x00,0x00,0x80,0x01,0x00,0x00,0x80,0x01,0x00,0x00,0x80,0x01,0x00,0x00,0x80,0x01,0x02,0x00,0x81,0x01,0x07,0x00,0x81,0x01,0x07,0x00,0x81,0x81,0x01,0x80,0x81,0xC1,0x00,0xC0,0x80,0x61,0x00,0xE0,0x80,0x23,0x00,0x70,0xC0,0x12,0x00,0x30,0xC0,0x0C,0x00,0x00,0xC0,0x04,0x00,0x00,0xC0,0x08,0x00,0x00,0x60,0x18,0x00,0x00,0x60,0x10,0x00,0x00,0x30,0x30,0x00,0x00,0x38,0x60,0x00,0x00,0x18,0xC0,0x00,0x00,0x0C,0x80,0x03,0x00,0x06,0x00,0x07,0x80,0x01,0x00,0x3E,0xC0,0x00,0x00,0x3C,0x30,0x00,0x00,0x08,0x0C,0x00,0x00,0x00,0x00,0x00,0x00,0x00},{"火"},

	{0x00,0x00,0x00,0x00,0x00,0x00,0x00,0x00,0x00,0x00,0x04,0x00,0x80,0x01,0x1C,0x00,0x80,0x00,0x0C,0x00,0x80,0x00,0x06,0x04,0x80,0x00,0xFE,0x0F,0x80,0x10,0x03,0x1E,0x80,0x38,0x01,0x06,0x80,0x8C,0x01,0x03,0x80,0x84,0x80,0x01,0x88,0x42,0x80,0x00,0x98,0x21,0x40,0x00,0x98,0x11,0x38,0x00,0x9C,0x00,0x3E,0x10,0x84,0xC0,0xC1,0x3F,0x80,0xC0,0x00,0x18,0x80,0xC0,0x00,0x18,0xC0,0xC0,0x00,0x18,0xC0,0xC0,0x00,0x18,0xC0,0xC0,0x08,0x18,0xC0,0xC3,0x9F,0x1F,0x40,0xCE,0x00,0x18,0x60,0xDC,0x00,0x18,0x60,0xD8,0x00,0x18,0x20,0xD8,0x00,0x18,0x30,0xC0,0x00,0x18,0x10,0xC0,0xFF,0x1F,0x08,0xC0,0x00,0x18,0x04,0xC0,0x00,0x18,0x02,0x40,0x00,0x08,0x00,0x00,0x00,0x00},{"焰"},

	{0x00,0x00,0x00,0x00,0x00,0x00,0x00,0x00,0x80,0x00,0x00,0x00,0x80,0x21,0x00,0x10,0x80,0xE0,0xFF,0x3F,0x80,0x60,0x10,0x18,0x80,0x60,0x30,0x18,0x80,0x68,0x30,0x18,0x80,0x78,0x30,0x18,0x80,0x6C,0x30,0x18,0x80,0x64,0x30,0x18,0x88,0x62,0x30,0x19,0x88,0x61,0xFF,0x1F,0x98,0x60,0x30,0x18,0x98,0x60,0x30,0x18,0x8C,0x60,0x30,0x18,0x84,0x60,0x30,0x18,0x80,0x60,0x30,0x18,0x80,0x60,0x50,0x18,0xC0,0x60,0x90,0x18,0xC0,0x60,0x98,0x19,0xC0,0x63,0x08,0x1B,0x40,0x66,0x0C,0x1B,0x40,0x6C,0x04,0x1B,0x60,0x78,0x02,0x18,0x20,0x78,0x01,0x18,0x30,0x60,0x00,0x18,0x10,0xE0,0xFF,0x1F,0x08,0x60,0x00,0x18,0x04,0x60,0x00,0x18,0x02,0x60,0x00,0x08,0x00,0x00,0x00,0x00},{"烟"},

	{0x00,0x00,0x00,0x00,0x00,0x00,0x00,0x00,0x00,0x00,0x80,0x00,0x80,0xFF,0xFF,0x01,0x00,0x80,0x01,0x00,0x20,0x80,0x01,0x08,0xE0,0xFF,0xFF,0x1F,0x20,0x80,0x01,0x0C,0x30,0x9F,0xF9,0x04,0x38,0x80,0x01,0x02,0x00,0x9F,0xF9,0x00,0x00,0x80,0x01,0x00,0x00,0x08,0x00,0x00,0x00,0x1C,0x00,0x00,0x00,0xFE,0x7F,0x00,0x00,0x0B,0x70,0x00,0x80,0x11,0x18,0x00,0x40,0x60,0x06,0x00,0x30,0x80,0x03,0x00,0x00,0x70,0x3E,0x00,0x00,0x4E,0xF0,0x1F,0xF0,0xC1,0x00,0x0F,0x0C,0xC0,0x80,0x00,0x80,0xFF,0xFF,0x01,0x00,0x60,0xC0,0x00,0x00,0x60,0xC0,0x00,0x00,0x30,0xC0,0x00,0x00,0x18,0x40,0x00,0x00,0x0C,0x62,0x00,0x80,0x03,0x3C,0x00,0x78,0x00,0x18,0x00,0x00,0x00,0x00,0x00},{"雾"},

	{0x00,0x00,0x00,0x00,0x00,0x00,0x00,0x00,0x00,0x80,0x00,0x00,0x00,0x80,0x03,0x00,0x00,0x80,0x01,0x00,0x00,0x80,0x01,0x00,0x00,0x80,0x01,0x00,0x00,0x80,0x01,0x00,0x00,0x80,0x01,0x06,0x00,0x80,0x01,0x0F,0x00,0x88,0x83,0x01,0xFC,0x9F,0xC3,0x00,0x00,0x8C,0x65,0x00,0x00,0x8C,0x15,0x00,0x00,0x8C,0x0D,0x00,0x00,0x86,0x09,0x00,0x00,0x86,0x19,0x00,0x00,0x83,0x19,0x00,0x00,0x83,0x31,0x00,0x00,0x83,0x31,0x00,0x80,0x81,0x61,0x00,0x80,0x80,0xC1,0x00,0xC0,0x80,0xC1,0x01,0x60,0x80,0x81,0x03,0x20,0x80,0x01,0x0F,0x10,0x80,0x01,0x1E,0x08,0x80,0x01,0x3C,0x04,0x80,0x01,0x08,0x00,0xF8,0x01,0x00,0x00,0xE0,0x00,0x00,0x00,0x40,0x00,0x00,0x00,0x00,0x00,0x00},{"水"},

	{0x00,0x00,0x00,0x00,0x00,0x00,0x00,0x00,0x00,0x00,0x08,0x01,0x60,0x20,0x18,0x07,0xC0,0xE0,0x08,0x03,0xC0,0x61,0x08,0x03,0x80,0x60,0x08,0x03,0x80,0x60,0x08,0x03,0x00,0x64,0x08,0x03,0x00,0x64,0x08,0x03,0x0C,0x62,0x08,0x03,0x18,0x62,0x08,0x13,0x30,0xFE,0xFF,0x3F,0x30,0x62,0x08,0x03,0x30,0x61,0x08,0x03,0x00,0x61,0x08,0x03,0x00,0x61,0x08,0x03,0x80,0x60,0x08,0x03,0x80,0x60,0x08,0x03,0xC0,0x60,0x08,0x03,0xC0,0x60,0x08,0x03,0x60,0x60,0x08,0x03,0x78,0x60,0x08,0x03,0x60,0x60,0xF8,0x03,0x60,0x60,0x08,0x03,0x60,0x60,0x08,0x00,0x60,0x60,0x00,0x18,0x70,0xE0,0xFF,0x3F,0x70,0x60,0x00,0x00,0x60,0x00,0x00,0x00,0x00,0x00,0x00,0x00,0x00,0x00,0x00,0x00},{"泄"},

	{0x00,0x00,0x00,0x00,0x00,0x00,0x00,0x00,0x00,0x00,0x00,0x02,0xE0,0xFF,0xFF,0x07,0x00,0x80,0x01,0x00,0x00,0x80,0x01,0x08,0xE0,0xFF,0xFF,0x1F,0x30,0x80,0x01,0x0C,0x30,0x80,0x01,0x04,0x98,0x9F,0xF9,0x02,0x00,0x80,0x01,0x00,0x00,0x80,0x01,0x00,0x80,0x9F,0xF8,0x00,0x00,0x10,0x04,0x00,0xF0,0x3F,0x06,0x00,0x30,0x18,0xFE,0x03,0x30,0x18,0x07,0x03,0x30,0x18,0x85,0x01,0x30,0x98,0xC8,0x00,0xF0,0x1F,0x30,0x00,0x30,0x0B,0xF0,0x00,0x00,0x13,0x8C,0x7F,0x10,0x3F,0x02,0x1E,0x30,0xC3,0xFF,0x07,0x30,0x33,0x02,0x02,0x30,0x03,0x02,0x02,0x30,0x3B,0x02,0x02,0x30,0x07,0x02,0x02,0xF8,0x00,0xFE,0x03,0x1C,0x00,0x02,0x02,0x00,0x00,0x02,0x02,0x00,0x00,0x00,0x00},{"露"},

	{0x00,0x00,0x00,0x00,0x00,0x00,0x00,0x00,0x80,0x00,0x00,0x00,0x80,0x83,0xFF,0x03,0x80,0x81,0x01,0x03,0x80,0x81,0x01,0x03,0x80,0x81,0x01,0x03,0x80,0x81,0x01,0x03,0x80,0x99,0x01,0x03,0xFE,0xBF,0x01,0x03,0x80,0x81,0xF1,0x01,0x80,0x81,0xC1,0x01,0x80,0x81,0x01,0x00,0x80,0x81,0x01,0x04,0x80,0xB1,0xFF,0x0F,0x80,0x8F,0x05,0x06,0xC0,0x83,0x05,0x02,0xF0,0x81,0x09,0x03,0xBC,0x81,0x09,0x03,0x8C,0x81,0x91,0x01,0x80,0x81,0x91,0x01,0x80,0x81,0xE1,0x00,0x80,0x81,0x61,0x00,0x80,0x81,0xE1,0x00,0x80,0x81,0xB1,0x01,0x80,0x81,0x19,0x07,0x80,0x81,0x0D,0x1E,0x80,0x81,0x03,0x3C,0xF8,0x81,0x01,0x00,0xE0,0x80,0x01,0x00,0x40,0x00,0x00,0x00,0x00,0x00,0x00,0x00},{"报"},

	{0x00,0x00,0x00,0x00,0x00,0x00,0x00,0x00,0x80,0x10,0x10,0x00,0x80,0x31,0x30,0x00,0x80,0x31,0x11,0x00,0xFC,0xFF,0x1B,0x10,0xA0,0x31,0xF8,0x3F,0xE0,0x88,0x18,0x02,0xE0,0xFF,0x15,0x03,0x30,0xC8,0x14,0x03,0xD8,0xDF,0xA2,0x01,0x48,0xCC,0xE0,0x00,0xC0,0xCF,0xC0,0x00,0x40,0x4C,0xE0,0x01,0x00,0x40,0x30,0x0F,0x00,0x78,0x0C,0x3C,0x00,0xB0,0x03,0x10,0x00,0x00,0x01,0x08,0xFC,0xFF,0xFF,0x1F,0x00,0x00,0x40,0x00,0x80,0xFF,0xFF,0x00,0x00,0x00,0x80,0x00,0x80,0xFF,0xFF,0x00,0x00,0x00,0x00,0x00,0x00,0x00,0x40,0x00,0x80,0xFF,0xFF,0x00,0x80,0x01,0xC0,0x00,0x80,0x01,0xC0,0x00,0x80,0xFF,0xFF,0x00,0x80,0x01,0xC0,0x00,0x80,0x00,0x00,0x00,0x00,0x00,0x00,0x00},{"警"},

	{0x00,0x00,0x00,0x00,0x00,0x00,0x00,0x00,0x00,0x40,0x00,0x00,0x00,0x80,0x01,0x00,0x00,0x80,0x03,0x00,0x00,0x00,0x03,0x00,0x00,0x00,0x03,0x00,0x40,0x00,0x01,0x0C,0xC0,0xFF,0xFF,0x1F,0x40,0x00,0x00,0x0C,0x60,0x20,0x00,0x06,0x70,0xE0,0x00,0x02,0x00,0x60,0x00,0x00,0x00,0x30,0x00,0x08,0x00,0x30,0x00,0x1C,0xFC,0xFF,0xFF,0x3F,0x00,0x18,0x60,0x00,0x00,0x18,0x60,0x00,0x00,0x0C,0x30,0x00,0x00,0x0C,0x30,0x00,0x00,0x06,0x18,0x00,0x00,0x06,0x1C,0x00,0x00,0x3C,0x0C,0x00,0x00,0xE0,0x07,0x00,0x00,0x00,0x1F,0x00,0x00,0x80,0x7B,0x00,0x00,0xC0,0xE0,0x03,0x00,0x70,0x80,0x07,0x00,0x1C,0x00,0x0E,0x80,0x07,0x00,0x0C,0x78,0x00,0x00,0x00,0x00,0x00,0x00,0x00},{"安"},

	{0x00,0x00,0x00,0x00,0x00,0x00,0x00,0x00,0x00,0x40,0x00,0x00,0x00,0xC0,0x01,0x00,0x00,0xE0,0x00,0x00,0x00,0x60,0x01,0x00,0x00,0x30,0x02,0x00,0x00,0x30,0x06,0x00,0x00,0x18,0x0C,0x00,0x00,0x0C,0x18,0x00,0x00,0x06,0x30,0x00,0x00,0x06,0x60,0x00,0x00,0x03,0xC0,0x01,0x80,0x01,0xC0,0x0F,0xE0,0xFF,0xFF,0x7F,0x30,0x80,0x01,0x1C,0x0C,0x80,0x01,0x00,0x02,0x80,0x01,0x00,0x00,0x80,0x01,0x00,0x00,0x80,0x01,0x00,0x00,0x80,0x81,0x00,0xC0,0xFF,0xFF,0x01,0x00,0x80,0x01,0x00,0x00,0x80,0x01,0x00,0x00,0x80,0x01,0x00,0x00,0x80,0x01,0x00,0x00,0x80,0x01,0x00,0x00,0x80,0x01,0x00,0x00,0x80,0x01,0x0C,0xF8,0xFF,0xFF,0x1F,0x00,0x00,0x00,0x00,0x00,0x00,0x00,0x00},{"全"},

	{0x00,0x00,0x00,0x00,0x00,0x00,0x00,0x00,0x00,0x00,0x00,0x03,0x00,0x00,0xF0,0x07,0x00,0xC0,0x7F,0x00,0xE0,0xFF,0x00,0x00,0x00,0x80,0x03,0x00,0x00,0xC0,0x00,0x00,0x00,0x60,0x00,0x00,0x00,0x10,0xC0,0x00,0x00,0x0C,0xE0,0x01,0x00,0x07,0x30,0x00,0x80,0xFF,0x1F,0x00,0x00,0x03,0x07,0x00,0x00,0x80,0x01,0x00,0x00,0x60,0xC0,0x00,0x00,0x18,0x80,0x03,0x00,0x0E,0x00,0x07,0xC0,0xFF,0xFF,0x0E,0xC0,0x1F,0x03,0x0C,0x80,0x00,0x03,0x0C,0x00,0x08,0x03,0x00,0x00,0x1C,0x33,0x00,0x00,0x1C,0xC3,0x00,0x00,0x06,0x83,0x03,0x00,0x03,0x03,0x0F,0xC0,0x00,0x03,0x1E,0x60,0x00,0x03,0x1C,0x10,0xF0,0x03,0x18,0x0C,0xC0,0x01,0x08,0x00,0x80,0x00,0x00,0x00,0x00,0x00,0x00},{"系"},

	{0x00,0x00,0x00,0x00,0x00,0x00,0x00,0x00,0x00,0x01,0x0C,0x00,0x00,0x03,0x18,0x00,0x80,0x03,0x30,0x00,0x80,0x01,0x30,0x00,0xC0,0x00,0x20,0x18,0x40,0xE0,0xFF,0x3F,0x60,0x08,0x18,0x00,0x20,0x38,0x38,0x00,0x10,0x1C,0x0C,0x00,0x08,0x0F,0x04,0x00,0xFC,0x06,0x82,0x01,0x08,0x03,0x01,0x07,0x80,0x81,0x00,0x0E,0xC0,0xC0,0xFC,0x1F,0x40,0xC0,0xCF,0x18,0x20,0x40,0xC6,0x00,0x98,0x0F,0xC6,0x00,0xF8,0x00,0xC6,0x00,0x18,0x00,0xC6,0x00,0x00,0x00,0xC6,0x00,0x00,0x00,0xC6,0x00,0x00,0x30,0xC6,0x00,0x00,0x0F,0xC2,0x10,0xF8,0x00,0xC3,0x10,0x38,0x80,0xC1,0x10,0x08,0xC0,0xC1,0x30,0x00,0x60,0xC0,0x3D,0x00,0x30,0x80,0x3F,0x00,0x0C,0x00,0x00,0x00,0x00,0x00,0x00},{"统"},

  {0x00,0x00,0x00,0x00,0x00,0x00,0x00,0x00,0x00,0x00,0x00,0x00,0x20,0x00,0x00,0x00,0xC0,0x80,0x00,0x04,0x80,0x81,0xFF,0x0F,0x80,0x83,0x01,0x0C,0x00,0x81,0x01,0x0C,0x00,0x81,0x01,0x0C,0x00,0x80,0x01,0x0C,0x00,0x80,0x01,0x0C,0x00,0x80,0x01,0x0C,0x80,0x80,0x01,0x0C,0xFC,0x83,0x01,0x0C,0x80,0x81,0x01,0x0C,0x80,0x81,0x01,0x0C,0x80,0x81,0x01,0x0C,0x80,0x81,0xFF,0x0F,0x80,0x81,0x01,0x0C,0x80,0x81,0x01,0x04,0x80,0x01,0x00,0x00,0x80,0x21,0x04,0x00,0x80,0x11,0x8E,0x00,0x80,0x09,0x06,0x03,0x80,0x05,0x07,0x06,0x80,0x87,0x03,0x0C,0x80,0x83,0x01,0x1C,0xC0,0xC1,0x00,0x38,0x80,0x21,0x00,0x38,0x00,0x10,0x00,0x30,0x00,0x08,0x00,0x00,0x00,0x00,0x00,0x00},{"识"},

  {0x00,0x00,0x00,0x00,0x00,0x00,0x00,0x00,0x00,0x00,0x00,0x08,0x20,0x80,0x00,0x18,0xE0,0xFF,0x01,0x08,0x60,0x80,0x00,0x08,0x60,0x80,0x00,0x08,0x60,0x80,0x10,0x08,0x60,0x80,0x70,0x08,0x60,0x80,0x30,0x08,0x60,0x80,0x30,0x08,0xE0,0xFF,0x30,0x08,0x60,0x82,0x30,0x08,0x20,0x06,0x30,0x08,0x00,0x06,0x30,0x08,0x00,0x06,0x30,0x08,0x00,0x06,0x31,0x08,0xFC,0xFF,0x33,0x08,0x00,0x06,0x33,0x08,0x00,0x02,0x31,0x08,0x00,0x03,0x31,0x08,0x00,0x83,0x31,0x08,0x00,0x83,0x31,0x08,0x80,0x81,0x31,0x08,0x80,0x81,0x01,0x08,0xC0,0x80,0x01,0x08,0x40,0x80,0x01,0x08,0x20,0xC4,0x00,0x08,0x10,0xF8,0xC0,0x0F,0x0C,0x60,0x00,0x0F,0x00,0x20,0x00,0x06,0x00,0x00,0x00,0x00},{"别"},

	{0x00,0x00,0x00,0x00,0x00,0x00,0x00,0x00,0x40,0x00,0x00,0x00,0xC0,0x01,0x00,0x00,0xC0,0x00,0x00,0x08,0xC0,0xE0,0xFF,0x3F,0xC0,0x00,0x18,0x18,0xC0,0x00,0x18,0x18,0xC0,0x00,0x18,0x18,0xC0,0x60,0x18,0x18,0xC0,0xF8,0x18,0x18,0xC0,0x07,0x18,0x18,0xFE,0x00,0x18,0x08,0xC0,0x00,0x18,0x08,0xC0,0x00,0x18,0x0C,0xC0,0x00,0x0C,0x0C,0xC0,0x00,0x0C,0x0C,0xC0,0x00,0x0C,0x0C,0xC0,0x00,0x0C,0x0C,0xC0,0x40,0x06,0x0C,0xC0,0x30,0x06,0x0C,0xC0,0x18,0x06,0x0C,0xC0,0x06,0x03,0x0C,0xC0,0x03,0x03,0x0C,0xC0,0x81,0x01,0x0C,0x80,0xC0,0x00,0x0C,0x80,0x40,0x00,0x0E,0x00,0x20,0x30,0x06,0x00,0x18,0xC0,0x07,0x00,0x0C,0x80,0x03,0x00,0x02,0x00,0x01,0x00,0x00,0x00,0x00},{"切"},

	{0x00,0x00,0x00,0x00,0x00,0x00,0x00,0x00,0x80,0x00,0x02,0x00,0x80,0x01,0x0E,0x00,0x80,0x01,0x03,0x00,0x80,0x01,0x43,0x00,0x80,0x81,0xFF,0x00,0x80,0x81,0xC0,0x00,0x80,0xC5,0x60,0x00,0xFC,0x7F,0x20,0x00,0x80,0x21,0x10,0x00,0x80,0x31,0x10,0x00,0x80,0xE9,0xFF,0x07,0x80,0x65,0x08,0x06,0x80,0x71,0x08,0x06,0x80,0x6D,0x08,0x06,0x80,0x63,0x08,0x06,0xE0,0x61,0x08,0x06,0xBE,0x61,0x08,0x06,0x9C,0x61,0x0C,0x16,0x80,0xFF,0xFF,0x3F,0x80,0x01,0x1C,0x00,0x80,0x01,0x24,0x00,0x80,0x01,0x66,0x00,0x80,0x01,0x42,0x00,0x80,0x01,0x83,0x00,0x80,0x81,0x81,0x01,0x80,0xC0,0x00,0x07,0xF8,0x20,0x00,0x3E,0xE0,0x18,0x00,0x08,0x00,0x06,0x00,0x00,0x00,0x00,0x00,0x00},{"换"},

	{0x00,0x00,0x00,0x00,0x00,0x00,0x00,0x00,0x00,0x00,0x00,0x00,0x20,0x00,0x00,0x00,0xC0,0x00,0x00,0x04,0x80,0xE1,0xFF,0x0F,0x80,0x03,0x00,0x06,0x00,0x03,0x00,0x06,0x00,0x01,0x00,0x06,0x00,0x00,0x00,0x06,0x00,0x00,0x00,0x06,0x00,0x00,0x00,0x06,0x80,0x00,0x00,0x06,0xFE,0x01,0x00,0x06,0x80,0x41,0x00,0x06,0x80,0x81,0xFF,0x07,0x80,0x81,0x00,0x06,0x80,0x81,0x00,0x02,0x80,0x81,0x00,0x00,0x80,0x81,0x00,0x00,0x80,0x81,0x00,0x00,0x80,0x81,0x00,0x00,0x80,0x81,0x00,0x10,0x80,0x99,0x00,0x10,0x80,0x8D,0x00,0x10,0x80,0x87,0x00,0x10,0x80,0x83,0x00,0x10,0xC0,0x83,0x01,0x38,0x80,0x81,0xFF,0x3F,0x80,0x00,0xFF,0x1F,0x00,0x00,0x00,0x00,0x00,0x00,0x00,0x00},{"记"},

	{0x00,0x00,0x00,0x00,0x00,0x00,0x00,0x00,0x00,0x00,0x40,0x00,0xC0,0xFF,0xFF,0x00,0x00,0x00,0x40,0x00,0x00,0x00,0x40,0x00,0x00,0x00,0x40,0x00,0x00,0x00,0x40,0x00,0x00,0xFF,0x7F,0x00,0x00,0x00,0x40,0x00,0x00,0x00,0x40,0x00,0x00,0x00,0x40,0x18,0xFC,0xFF,0xFF,0x3F,0x00,0x80,0x01,0x00,0x40,0x80,0x01,0x00,0x80,0x80,0x03,0x03,0x80,0x83,0x83,0x07,0x00,0x87,0xC5,0x01,0x00,0x87,0x65,0x00,0x00,0x86,0x19,0x00,0x00,0xC2,0x09,0x00,0x00,0xB0,0x11,0x00,0x00,0x8C,0x31,0x00,0x00,0x87,0x61,0x00,0xC0,0x81,0xC1,0x01,0x78,0x80,0x81,0x03,0x3C,0x80,0x01,0x1F,0x18,0x84,0x01,0x3E,0x08,0xF8,0x01,0x0C,0x00,0xE0,0x00,0x00,0x00,0x40,0x00,0x00,0x00,0x00,0x00,0x00},{"录"},

	{0x00,0x00,0x00,0x00,0x00,0x00,0x00,0x00,0x00,0x00,0x00,0x00,0x00,0x00,0x00,0x04,0x00,0x00,0x00,0x0E,0xF8,0xFF,0xFF,0x1F,0x00,0x0C,0x30,0x00,0x00,0x0C,0x30,0x00,0x00,0x0C,0x30,0x00,0x00,0x0C,0x30,0x00,0x00,0x0C,0x30,0x00,0x00,0x0C,0x30,0x00,0x00,0x0C,0x30,0x00,0x00,0x0C,0x30,0x00,0x00,0x0C,0x30,0x18,0xFC,0xFF,0xFF,0x3F,0x00,0x0C,0x30,0x00,0x00,0x0C,0x30,0x00,0x00,0x0C,0x30,0x00,0x00,0x0C,0x30,0x00,0x00,0x0C,0x30,0x00,0x00,0x04,0x30,0x00,0x00,0x06,0x30,0x00,0x00,0x06,0x30,0x00,0x00,0x03,0x30,0x00,0x00,0x01,0x30,0x00,0x80,0x00,0x30,0x00,0x40,0x00,0x30,0x00,0x20,0x00,0x30,0x00,0x18,0x00,0x30,0x00,0x04,0x00,0x10,0x00,0x00,0x00,0x00,0x00},{"开"},

	{0x00,0x00,0x00,0x00,0x00,0x00,0x00,0x00,0x80,0x00,0x10,0x00,0x80,0x03,0x70,0x00,0x80,0x01,0x38,0x00,0x80,0x01,0x18,0x00,0x80,0x01,0x08,0x00,0xC0,0x00,0x0C,0x00,0xC0,0x00,0x04,0x03,0xC0,0x10,0x06,0x06,0xFC,0x3F,0x02,0x1C,0x40,0x10,0x01,0x38,0x60,0x98,0x81,0x3F,0x60,0x98,0x7F,0x30,0x20,0x98,0x01,0x10,0x20,0x18,0x00,0x00,0x30,0x08,0x00,0x00,0x30,0x0C,0x01,0x08,0x10,0x0C,0xFF,0x1F,0x18,0x04,0x03,0x0C,0x18,0x06,0x03,0x0C,0x30,0x06,0x03,0x0C,0xC0,0x02,0x03,0x0C,0x00,0x07,0x03,0x0C,0x00,0x1D,0x03,0x0C,0x80,0x39,0x03,0x0C,0xC0,0x30,0x03,0x0C,0x60,0x00,0xFF,0x0F,0x30,0x00,0x03,0x0C,0x08,0x00,0x03,0x0C,0x04,0x00,0x01,0x00,0x00,0x00,0x00,0x00},{"始"},

	{0x00,0x00,0x00,0x00,0x00,0x00,0x00,0x00,0x80,0x00,0x02,0x00,0x80,0x03,0x0C,0x00,0x80,0x01,0x0C,0x00,0x80,0x01,0x08,0x08,0xC0,0xFC,0xFF,0x1F,0xC0,0x00,0x00,0x00,0x40,0x20,0x00,0x01,0x60,0xC0,0xFF,0x03,0xE0,0x40,0x80,0x01,0x70,0x40,0x80,0x01,0x70,0x40,0x80,0x01,0x70,0xC0,0xFF,0x01,0x68,0x40,0x80,0x01,0x64,0x04,0x00,0x10,0x64,0xFC,0xFF,0x3F,0x60,0x04,0x00,0x18,0x60,0x06,0x00,0x08,0x60,0x06,0x00,0x07,0x60,0xF0,0xFF,0x07,0x60,0x00,0x18,0x00,0x60,0x00,0x18,0x00,0x60,0x00,0x18,0x00,0x60,0x00,0x18,0x00,0x60,0x00,0x18,0x00,0x60,0x00,0x18,0x00,0x60,0x00,0x18,0x00,0x60,0x80,0x1F,0x00,0x60,0x00,0x0E,0x00,0x20,0x00,0x04,0x00,0x00,0x00,0x00,0x00},{"停"},

	{0x00,0x00,0x00,0x00,0x00,0x00,0x00,0x00,0x00,0x00,0x01,0x00,0x00,0x00,0x07,0x00,0x00,0x00,0x03,0x00,0x00,0x00,0x03,0x00,0x00,0x00,0x03,0x00,0x00,0x00,0x03,0x00,0x00,0x00,0x03,0x00,0x80,0x00,0x03,0x00,0x00,0x03,0x03,0x00,0x00,0x03,0x03,0x06,0x00,0x01,0xFF,0x0F,0x00,0x01,0x03,0x00,0x00,0x01,0x03,0x00,0x00,0x01,0x03,0x00,0x00,0x01,0x03,0x00,0x00,0x01,0x03,0x00,0x00,0x01,0x03,0x00,0x00,0x01,0x03,0x00,0x00,0x01,0x03,0x00,0x00,0x01,0x03,0x00,0x00,0x01,0x03,0x00,0x00,0x01,0x03,0x00,0x00,0x01,0x03,0x00,0x00,0x01,0x03,0x08,0x00,0x01,0x03,0x1C,0xFC,0xFF,0xFF,0x3F,0x00,0x00,0x00,0x00,0x00,0x00,0x00,0x00,0x00,0x00,0x00,0x00,0x00,0x00,0x00,0x00},{"止"},

	{0x00,0x00,0x00,0x00,0x00,0x00,0x00,0x00,0x00,0x00,0x00,0x02,0x60,0x00,0xC0,0x07,0xC0,0xA0,0x7F,0x00,0xC0,0x61,0x00,0x00,0x80,0x61,0x00,0x00,0x80,0x60,0x00,0x00,0x00,0x60,0x00,0x00,0x00,0x60,0x00,0x02,0x00,0xE0,0xFF,0x07,0x00,0x60,0x00,0x03,0x80,0x60,0x00,0x03,0xFC,0x61,0x80,0x01,0x80,0xE0,0x81,0x01,0x80,0x20,0xC2,0x00,0x80,0x20,0xCC,0x00,0x80,0x30,0x70,0x00,0x80,0x30,0xE0,0x00,0x80,0x10,0xB0,0x01,0x80,0x18,0x18,0x07,0x80,0x08,0x0C,0x0E,0x80,0x04,0x02,0x0C,0x80,0x84,0x01,0x0C,0x80,0x60,0x00,0x00,0x40,0x11,0x00,0x00,0x30,0x06,0x00,0x00,0x1C,0x18,0x00,0x40,0x0C,0xF0,0xFF,0x3F,0x00,0x80,0xFF,0x0F,0x00,0x00,0x00,0x00,0x00,0x00,0x00,0x00},{"返"},

	{0x00,0x00,0x00,0x00,0x00,0x00,0x00,0x00,0x00,0x00,0x00,0x00,0x10,0x00,0x00,0x04,0xF0,0xFF,0xFF,0x0F,0x30,0x00,0x00,0x0C,0x30,0x00,0x00,0x0C,0x30,0x00,0x00,0x0C,0x30,0x00,0x00,0x0C,0x30,0x00,0x00,0x0C,0x30,0x04,0x10,0x0C,0x30,0xF8,0x3F,0x0C,0x30,0x08,0x10,0x0C,0x30,0x08,0x10,0x0C,0x30,0x08,0x10,0x0C,0x30,0x08,0x10,0x0C,0x30,0x08,0x10,0x0C,0x30,0x08,0x10,0x0C,0x30,0x08,0x10,0x0C,0x30,0xF8,0x1F,0x0C,0x30,0x08,0x10,0x0C,0x30,0x08,0x30,0x0C,0x30,0x04,0x00,0x0C,0x30,0x00,0x00,0x0C,0x30,0x00,0x00,0x0C,0x30,0x00,0x00,0x0C,0x30,0x00,0x00,0x0C,0xF0,0xFF,0xFF,0x0F,0x30,0x00,0x00,0x0C,0x30,0x00,0x00,0x0C,0x30,0x00,0x00,0x00,0x00,0x00,0x00,0x00},{"回"},

	{0x00,0x00,0x00,0x00,0x00,0x00,0x00,0x00,0x40,0x00,0x00,0x04,0xC0,0xFF,0xFF,0x0F,0xC0,0x00,0x00,0x06,0xC0,0x80,0x01,0x06,0xC0,0x80,0x01,0x06,0xC0,0x80,0x01,0x06,0xC0,0x80,0x31,0x06,0xC0,0xFC,0x7F,0x06,0xC0,0x80,0x01,0x06,0xC0,0x80,0x01,0x06,0xC0,0x80,0x01,0x06,0xC0,0x80,0x41,0x06,0xC0,0xFF,0xFF,0x07,0xC0,0x00,0x00,0x06,0xC0,0x00,0x00,0x06,0xC0,0x08,0x10,0x06,0x40,0xF8,0x3F,0x06,0x40,0x18,0x30,0x06,0x40,0x18,0x30,0x06,0x60,0x18,0x30,0x06,0x60,0x18,0x30,0x06,0x20,0x18,0x30,0x06,0x20,0xF8,0x3F,0x06,0x30,0x18,0x30,0x06,0x10,0x18,0x10,0x06,0x08,0x00,0x00,0x06,0x08,0x00,0xE0,0x07,0x04,0x00,0x80,0x03,0x02,0x00,0x00,0x01,0x00,0x00,0x00,0x00},{"周"},

  {0x00,0x00,0x00,0x00,0x00,0x00,0x00,0x00,0x00,0x00,0x00,0x00,0x00,0x00,0x80,0x00,0x00,0xFE,0xFF,0x01,0x00,0x06,0x80,0x00,0x00,0x06,0x80,0x00,0x00,0x06,0x80,0x00,0x00,0x06,0x80,0x00,0x00,0x06,0x80,0x00,0x00,0x06,0x80,0x00,0x00,0xFE,0xFF,0x00,0x00,0x02,0x80,0x00,0x00,0x02,0x80,0x00,0x00,0x02,0x80,0x00,0x00,0x02,0x80,0x00,0x00,0x02,0x80,0x00,0x00,0x02,0x80,0x00,0x00,0xFE,0xFF,0x00,0x00,0x03,0x80,0x00,0x00,0x03,0x80,0x00,0x00,0x03,0x80,0x00,0x00,0x03,0x80,0x00,0x80,0x01,0x80,0x00,0x80,0x01,0x80,0x00,0x80,0x00,0x80,0x00,0xC0,0x00,0x80,0x00,0x60,0x00,0xC2,0x00,0x30,0x00,0xFC,0x00,0x18,0x00,0x60,0x00,0x04,0x00,0x20,0x00,0x00,0x00,0x00,0x00},{"月"},

	{0x00,0x00,0x00,0x00,0x00,0x00,0x00,0x00,0x00,0x00,0x00,0x00,0x00,0x00,0x00,0x00,0x00,0x00,0x00,0x00,0xF0,0x01,0x3F,0x00,0x10,0xC1,0xC3,0x00,0x10,0x61,0x00,0x07,0x10,0x31,0x00,0x06,0xE0,0x18,0x00,0x04,0x00,0x18,0x00,0x04,0x00,0x0C,0x00,0x04,0x00,0x0C,0x00,0x04,0x00,0x0C,0x00,0x04,0x00,0x0C,0x00,0x00,0x00,0x0C,0x00,0x00,0x00,0x0C,0x00,0x00,0x00,0x0C,0x00,0x00,0x00,0x0C,0x00,0x00,0x00,0x0C,0x00,0x00,0x00,0x0C,0x00,0x00,0x00,0x1C,0x00,0x00,0x00,0x18,0x00,0x00,0x00,0x38,0x00,0x04,0x00,0x30,0x00,0x02,0x00,0xE0,0x80,0x01,0x00,0xC0,0xFF,0x00,0x00,0x00,0x1F,0x00,0x00,0x00,0x00,0x00,0x00,0x00,0x00,0x00,0x00,0x00,0x00,0x00,0x00,0x00,0x00,0x00},{"℃"},
	
	{0x00,0x00,0x00,0x00,0x00,0x00,0x00,0x00,0x00,0x00,0x00,0x00,0x30,0x10,0x00,0x01,0x60,0xF0,0xFF,0x03,0xC0,0x30,0x00,0x01,0xC0,0x30,0x00,0x01,0x00,0x34,0x00,0x01,0x00,0x32,0x00,0x01,0x00,0xF2,0xFF,0x01,0x00,0x32,0x00,0x01,0x0C,0x32,0x00,0x01,0x18,0x31,0x00,0x01,0x30,0x31,0x00,0x01,0x10,0xF1,0xFF,0x01,0x80,0x30,0x00,0x01,0x80,0x10,0x00,0x00,0x80,0x00,0x00,0x00,0xC0,0x04,0x00,0x04,0x40,0xFC,0xFF,0x0F,0x40,0x8C,0x31,0x06,0x60,0x8C,0x31,0x06,0x7C,0x8C,0x31,0x06,0x70,0x8C,0x31,0x06,0x30,0x8C,0x31,0x06,0x30,0x8C,0x31,0x06,0x30,0x8C,0x31,0x06,0x30,0x8C,0x31,0x06,0x30,0x8C,0x31,0x36,0xB0,0xFF,0xFF,0x3F,0x00,0x00,0x00,0x00,0x00,0x00,0x00,0x00},{"温"},

	{0x00,0x00,0x00,0x00,0x00,0x00,0x00,0x00,0x00,0x00,0x00,0x00,0x10,0x10,0x00,0x00,0x60,0xF0,0xFF,0x07,0xE0,0x30,0x00,0x06,0xC0,0x30,0x00,0x06,0xC0,0x30,0x00,0x06,0x00,0x34,0x00,0x06,0x00,0xF2,0xFF,0x07,0x06,0x32,0x00,0x06,0x0C,0x32,0x00,0x06,0x38,0x31,0x00,0x06,0x30,0x31,0x00,0x06,0x30,0xF1,0xFF,0x07,0x80,0x30,0x21,0x06,0x80,0x10,0x63,0x00,0xC0,0x00,0x63,0x00,0x40,0x00,0x63,0x18,0x60,0x04,0x63,0x38,0x60,0x08,0x63,0x0C,0x3E,0x18,0x63,0x06,0x30,0x30,0x63,0x02,0x30,0x30,0x63,0x01,0x30,0x30,0xE3,0x00,0x30,0x20,0x63,0x00,0x38,0x00,0x63,0x00,0x38,0x00,0x63,0x00,0x38,0x00,0x63,0x10,0x30,0xFF,0xFF,0x3F,0x00,0x00,0x00,0x00,0x00,0x00,0x00,0x00},{"湿"},

	{0x00,0x00,0x00,0x00,0x00,0x00,0x00,0x00,0x00,0x80,0x00,0x00,0x00,0x00,0x03,0x00,0x00,0x00,0x07,0x08,0x20,0x00,0x02,0x1C,0xE0,0xFF,0xFF,0x3F,0x60,0x20,0x20,0x00,0x60,0xE0,0xE0,0x00,0x60,0x60,0x60,0x00,0x60,0x60,0x60,0x0C,0xE0,0xFF,0xFF,0x1F,0x60,0x60,0x60,0x00,0x60,0x60,0x60,0x00,0x60,0x60,0x60,0x00,0x60,0x60,0x60,0x00,0x60,0xE0,0x7F,0x00,0x60,0x60,0x60,0x00,0x20,0x00,0x80,0x00,0x20,0xFC,0xFF,0x01,0x30,0x20,0xC0,0x01,0x30,0x40,0xE0,0x00,0x30,0xC0,0x60,0x00,0x10,0x80,0x30,0x00,0x10,0x00,0x1B,0x00,0x18,0x00,0x0E,0x00,0x08,0x00,0x1F,0x00,0x08,0xC0,0x79,0x00,0x04,0x70,0xE0,0x1F,0x04,0x0E,0x00,0x1F,0xE2,0x01,0x00,0x08,0x00,0x00,0x00,0x00},{"度"},

  {0x00,0x00,0x00,0x00,0x00,0x00,0x00,0x00,0x40,0x00,0x00,0x00,0x80,0x01,0x00,0x08,0x80,0xE3,0xFF,0x1F,0x00,0x03,0x00,0x0C,0x10,0x03,0x00,0x0C,0x30,0x00,0x00,0x0C,0x30,0x00,0x00,0x0C,0x30,0x00,0x40,0x0C,0x30,0xFF,0xFF,0x0C,0x30,0x80,0x01,0x0C,0x30,0x80,0x01,0x0C,0x30,0x80,0x01,0x0C,0x30,0x80,0x01,0x0C,0x30,0x80,0x21,0x0C,0x30,0xFE,0x7F,0x0C,0x30,0x80,0x01,0x0C,0x30,0x80,0x01,0x0C,0x30,0x80,0x01,0x0C,0x30,0x80,0x01,0x0C,0x30,0x80,0x01,0x0C,0x30,0x80,0xC1,0x0C,0xB0,0xFF,0xFF,0x0D,0x30,0x00,0x00,0x0E,0x30,0x00,0x00,0x0C,0x30,0x00,0x00,0x0C,0x30,0x00,0x00,0x0C,0x30,0x00,0xC0,0x0F,0x30,0x00,0x00,0x0F,0x00,0x00,0x00,0x02,0x00,0x00,0x00,0x00},{"闰"},
	
	{0x00,0x00,0x00,0x00,0x00,0x00,0x00,0x00,0x00,0x08,0x10,0x00,0x00,0x38,0x70,0x00,0x00,0x18,0x30,0x00,0x00,0x18,0x30,0x08,0x00,0x18,0x30,0x1C,0xFE,0xFF,0xFF,0x3F,0x00,0x18,0x30,0x00,0x00,0x18,0x30,0x00,0x00,0x18,0x30,0x00,0x00,0x18,0x10,0x00,0x00,0x00,0x00,0x03,0xF0,0xFF,0xFF,0x07,0x00,0x60,0x00,0x03,0x00,0x60,0x00,0x03,0x00,0x60,0x00,0x03,0x00,0x60,0x00,0x03,0x00,0x60,0x00,0x03,0x00,0x60,0x00,0x03,0x00,0x60,0x00,0x03,0x00,0x60,0x00,0x03,0x00,0x60,0x00,0x03,0x00,0x60,0x3C,0x03,0x00,0x60,0xE0,0x03,0x00,0x60,0xC0,0x01,0x00,0x60,0x80,0x00,0x00,0x60,0x00,0x00,0x00,0x60,0x00,0x00,0x00,0x60,0x00,0x00,0x00,0x20,0x00,0x00,0x00,0x00,0x00,0x00},{"节"},
																																																																																																																																																																																																																																																																																																																																			 
	{0x00,0x00,0x00,0x00,0x00,0x00,0x00,0x00,0x00,0x02,0x00,0x00,0x00,0x07,0x00,0x00,0x00,0x03,0x00,0x00,0x00,0x03,0x00,0x00,0x80,0x01,0x00,0x06,0x80,0xFF,0xFF,0x0F,0xC0,0x00,0x00,0x00,0xC0,0x00,0x80,0x00,0x60,0xFF,0xFF,0x01,0x20,0x00,0x00,0x00,0x30,0x00,0x00,0x00,0x18,0x00,0x40,0x00,0xE8,0xFF,0xFF,0x00,0x04,0x00,0x60,0x00,0x00,0x00,0x60,0x00,0x00,0x00,0x60,0x00,0x00,0x00,0x60,0x00,0x00,0x00,0x60,0x00,0x00,0x00,0x60,0x00,0x00,0x00,0x40,0x00,0x00,0x00,0x40,0x00,0x00,0x00,0xC0,0x00,0x00,0x00,0xC0,0x10,0x00,0x00,0xC0,0x10,0x00,0x00,0x80,0x11,0x00,0x00,0x80,0x13,0x00,0x00,0x00,0x1F,0x00,0x00,0x00,0x1E,0x00,0x00,0x00,0x38,0x00,0x00,0x00,0x00},{"气"},
																																																																																																																																																																																																																																																																																																																																				
	{0x00,0x00,0x00,0x00,0x00,0x00,0x00,0x00,0x00,0x00,0x04,0x00,0x00,0x10,0x04,0x00,0x00,0x30,0x04,0x00,0x00,0x18,0x08,0x00,0x00,0x18,0x08,0x00,0x00,0x0C,0x18,0x00,0x00,0x0C,0x10,0x00,0x00,0x06,0x30,0x00,0x00,0x06,0x60,0x00,0x00,0x03,0x60,0x00,0x00,0x01,0xC0,0x00,0x80,0x81,0x80,0x01,0xC0,0x80,0x81,0x07,0x60,0x80,0x03,0x0F,0x30,0xC0,0x01,0x3E,0x18,0xC0,0x00,0x0C,0x04,0x60,0x00,0x00,0x00,0x30,0x00,0x00,0x00,0x30,0x00,0x00,0x00,0x18,0x08,0x00,0x00,0x0C,0x10,0x00,0x00,0x04,0x30,0x00,0x00,0x06,0x60,0x00,0x00,0x03,0xC0,0x00,0x80,0x01,0xC0,0x01,0xE0,0xFF,0xFF,0x01,0xC0,0x1F,0x80,0x03,0xC0,0x00,0x00,0x03,0x00,0x00,0x00,0x01,0x00,0x00,0x00,0x00},{"公"},
																																																																																																																																																																																																																																																																																																																																				
	{0x00,0x00,0x00,0x00,0x00,0x00,0x00,0x00,0x00,0x00,0x00,0x08,0x40,0x00,0x00,0x1C,0xC0,0xFF,0xFF,0x1F,0xC0,0x00,0x02,0x00,0xC0,0x00,0x0E,0x00,0xC0,0x00,0x02,0x00,0xC0,0x00,0x02,0x00,0xC0,0x00,0x02,0x00,0xC0,0x00,0x02,0x00,0xC0,0x00,0x02,0x0C,0xC0,0xFE,0xFF,0x1F,0xC0,0x00,0x03,0x0C,0xC0,0x00,0x03,0x0C,0xC0,0x00,0x03,0x0C,0xC0,0x00,0x03,0x0C,0xC0,0x00,0x03,0x0C,0x40,0x00,0x01,0x0C,0x40,0x80,0x01,0x04,0x40,0x80,0x01,0x04,0x60,0x80,0x00,0x06,0x60,0xC0,0x00,0x06,0x20,0xC0,0x00,0x06,0x20,0x60,0x00,0x06,0x30,0x30,0x00,0x06,0x10,0x10,0x00,0x06,0x10,0x08,0x38,0x03,0x08,0x04,0xE0,0x03,0x04,0x03,0xC0,0x01,0x80,0x00,0xC0,0x00,0x00,0x00,0x00,0x00},{"历"},
																																																																																																																																																																																																																																																																																																																																				
	{0x00,0x00,0x00,0x00,0x00,0x00,0x00,0x00,0x00,0x80,0x00,0x00,0x00,0x80,0x03,0x00,0x00,0x80,0x01,0x00,0x00,0x80,0x01,0x00,0x00,0xC0,0x00,0x00,0x20,0xC0,0x00,0x00,0xE0,0xFF,0xFF,0x07,0x20,0xE0,0x00,0x0E,0x30,0xE0,0x00,0x03,0x30,0x30,0x01,0x01,0x38,0x30,0x81,0x00,0x00,0x18,0x01,0x01,0x00,0x08,0x01,0x03,0x00,0x0C,0x82,0x03,0x00,0x1C,0xC2,0x00,0x00,0x0E,0x26,0x00,0x00,0x0F,0x1C,0x00,0x00,0x0D,0x0C,0x00,0x80,0x0D,0x18,0x00,0xC0,0x0C,0x18,0x00,0x60,0x0C,0x30,0x00,0x30,0x0C,0x60,0x00,0x18,0x0C,0xC4,0x01,0x04,0x0C,0x83,0x03,0x02,0xCC,0x00,0x0F,0x00,0x7C,0x00,0x3E,0x00,0x3C,0x00,0x0C,0x00,0x0C,0x00,0x00,0x00,0x04,0x00,0x00,0x00,0x00,0x00,0x00},{"农"},
																																																																																																																																																																																																																																																																																																																																				
	{0x00,0x00,0x00,0x00,0x00,0x00,0x00,0x00,0x80,0x00,0x00,0x01,0x80,0xFF,0xFF,0x03,0x80,0x01,0x80,0x01,0x80,0x01,0x80,0x01,0x80,0x01,0x80,0x01,0x80,0xFF,0xFF,0x01,0x80,0x01,0x80,0x01,0x80,0x01,0x80,0x01,0x80,0x01,0x80,0x01,0x80,0x01,0x80,0x01,0x80,0xFF,0xFF,0x01,0x80,0x81,0x80,0x01,0x00,0x81,0x03,0x00,0x80,0x83,0x01,0x00,0x80,0x81,0x01,0x03,0xC0,0xFF,0xFF,0x07,0xC0,0x80,0x01,0x00,0x60,0x80,0x01,0x00,0x20,0x80,0x81,0x00,0x10,0x80,0xC1,0x01,0x88,0xFF,0xFF,0x03,0x04,0x80,0x01,0x00,0x00,0x80,0x01,0x00,0x00,0x80,0x01,0x00,0x00,0x80,0x01,0x08,0x00,0x80,0x01,0x1C,0xFC,0xFF,0xFF,0x3F,0x00,0x00,0x00,0x00,0x00,0x00,0x00,0x00,0x00,0x00,0x00,0x00},{"星"},
																																																																																																																																																																																																																																																																																																																																				
	{0x00,0x00,0x00,0x00,0x00,0x00,0x00,0x00,0x40,0x20,0x00,0x00,0xC0,0xE1,0x08,0x10,0xC0,0x60,0xF8,0x3F,0xC0,0x60,0x18,0x18,0xC0,0x60,0x19,0x18,0xFC,0xFF,0x1F,0x18,0xC0,0x60,0x18,0x18,0xC0,0x60,0x18,0x18,0xC0,0x60,0x18,0x18,0xC0,0x7F,0xF8,0x1F,0xC0,0x60,0x18,0x18,0xC0,0x60,0x18,0x18,0xC0,0x60,0x18,0x18,0xC0,0x7F,0x18,0x18,0xC0,0x60,0x18,0x18,0xC0,0x60,0x18,0x18,0xC0,0x60,0xF8,0x1F,0xC0,0x60,0x19,0x18,0xFC,0xFF,0x1B,0x18,0x80,0x00,0x18,0x18,0x80,0x11,0x08,0x18,0x80,0x23,0x0C,0x18,0xC0,0xE0,0x0C,0x18,0x60,0xC0,0x06,0x18,0x60,0xC0,0x06,0x18,0x10,0x00,0x03,0x18,0x08,0x80,0x01,0x1F,0x04,0xC0,0x00,0x0C,0x00,0x20,0x00,0x04,0x00,0x00,0x00,0x00},{"期"},
																																																																																																																																																																																																																																																																																																																																				
	{0x00,0x00,0x00,0x00,0x00,0x00,0x00,0x00,0x00,0x00,0x40,0x00,0x00,0x00,0xC0,0x01,0x00,0x00,0xC0,0x00,0x00,0x04,0xC0,0x00,0xF8,0x0F,0xC0,0x00,0x18,0x0C,0xC0,0x00,0x18,0x0C,0xC0,0x00,0x18,0x0C,0xC0,0x18,0x18,0xFC,0xFF,0x3F,0x18,0x0C,0xC0,0x00,0x18,0x0C,0xC0,0x00,0x18,0x0C,0xC0,0x00,0x18,0x4C,0xC0,0x00,0xF8,0x8F,0xC0,0x00,0x18,0x8C,0xC3,0x00,0x18,0x0C,0xC3,0x00,0x18,0x0C,0xC7,0x00,0x18,0x0C,0xC2,0x00,0x18,0x0C,0xC0,0x00,0x18,0x0C,0xC0,0x00,0x18,0x0C,0xC0,0x00,0xF8,0x0F,0xC0,0x00,0x18,0x0C,0xC0,0x00,0x18,0x0C,0xC0,0x00,0x18,0x00,0xC0,0x00,0x00,0x00,0xC0,0x00,0x00,0x00,0xFC,0x00,0x00,0x00,0xE0,0x00,0x00,0x00,0x60,0x00,0x00,0x00,0x00,0x00},{"时"},
																																																																																																																																																																																																																																																																																																																																				
	{0x00,0x00,0x00,0x00,0x00,0x00,0x00,0x00,0x40,0x00,0x00,0x00,0x80,0x01,0x00,0x00,0x80,0x03,0x00,0x08,0x00,0xF3,0xFF,0x1F,0x10,0x03,0x00,0x0C,0x70,0x02,0x00,0x0C,0x30,0x00,0x00,0x0C,0x30,0x00,0x00,0x0C,0x30,0x00,0x18,0x0C,0x30,0xF8,0x3F,0x0C,0x30,0x18,0x18,0x0C,0x30,0x18,0x18,0x0C,0x30,0x18,0x18,0x0C,0x30,0x18,0x18,0x0C,0x30,0xF8,0x1F,0x0C,0x30,0x18,0x18,0x0C,0x30,0x18,0x18,0x0C,0x30,0x18,0x18,0x0C,0x30,0x18,0x18,0x0C,0x30,0x18,0x18,0x0C,0x30,0xF8,0x1F,0x0C,0x30,0x18,0x18,0x0C,0x30,0x08,0x08,0x0C,0x30,0x00,0x00,0x0C,0x30,0x00,0x00,0x0C,0x30,0x00,0x00,0x0C,0x30,0x00,0xC0,0x0F,0x30,0x00,0x00,0x07,0x10,0x00,0x00,0x02,0x00,0x00,0x00,0x00},{"间"},
																																																																																																																																																																																																																																																																																																																																				
	{0x00,0x00,0x00,0x00,0x00,0x00,0x00,0x00,0x00,0x02,0x00,0x00,0x00,0x06,0x00,0x00,0x00,0x07,0x00,0x00,0x00,0x03,0x00,0x00,0x80,0x01,0x00,0x0C,0x80,0xFF,0xFF,0x1F,0xC0,0x00,0x03,0x00,0x40,0x00,0x03,0x00,0x60,0x00,0x03,0x00,0x30,0x00,0x03,0x00,0x18,0x00,0x03,0x00,0x88,0x00,0x03,0x03,0x84,0xFF,0xFF,0x07,0x80,0x01,0x03,0x00,0x80,0x01,0x03,0x00,0x80,0x01,0x03,0x00,0x80,0x01,0x03,0x00,0x80,0x01,0x03,0x00,0x80,0x01,0x03,0x18,0xFC,0xFF,0xFF,0x3F,0x00,0x00,0x03,0x00,0x00,0x00,0x03,0x00,0x00,0x00,0x03,0x00,0x00,0x00,0x03,0x00,0x00,0x00,0x03,0x00,0x00,0x00,0x03,0x00,0x00,0x00,0x03,0x00,0x00,0x00,0x03,0x00,0x00,0x00,0x01,0x00,0x00,0x00,0x00,0x00},{"年"},
																																																																																																																																																																																																																																																																																																																																				
	{0x00,0x00,0x00,0x00,0x00,0x00,0x00,0x00,0x00,0x00,0x00,0x00,0x00,0x00,0x00,0x08,0x00,0x00,0x00,0x1C,0xF0,0xFF,0xFF,0x1F,0x00,0x00,0x03,0x00,0x00,0x00,0x03,0x00,0x00,0x00,0x03,0x00,0x00,0x00,0x03,0x00,0x00,0x00,0x03,0x00,0x00,0x00,0x03,0x00,0x00,0x01,0x03,0x00,0x00,0x07,0x03,0x00,0x00,0x03,0x03,0x06,0x00,0x03,0xFF,0x0F,0x00,0x03,0x03,0x00,0x00,0x03,0x03,0x00,0x00,0x03,0x03,0x00,0x00,0x03,0x03,0x00,0x00,0x03,0x03,0x00,0x00,0x03,0x03,0x00,0x00,0x03,0x03,0x00,0x00,0x03,0x03,0x00,0x00,0x03,0x03,0x00,0x00,0x03,0x03,0x00,0x00,0x03,0x03,0x08,0x00,0x03,0x03,0x1C,0xFC,0xFF,0xFF,0x3F,0x00,0x00,0x00,0x00,0x00,0x00,0x00,0x00,0x00,0x00,0x00,0x00},{"正"},
																																																																																																																																																																																																																																																																																																																																			 
	{0x00,0x00,0x00,0x00,0x00,0x00,0x00,0x00,0x00,0x00,0x00,0x00,0x00,0x00,0x00,0x00,0x00,0x00,0x00,0x00,0x00,0x00,0x00,0x00,0x00,0x00,0x00,0x00,0x00,0x00,0x00,0x00,0x00,0x00,0x00,0x03,0xE0,0xFF,0xFF,0x07,0x00,0x00,0x00,0x00,0x00,0x00,0x00,0x00,0x00,0x00,0x00,0x00,0x00,0x00,0x00,0x00,0x00,0x00,0x00,0x00,0x00,0x00,0x00,0x00,0x00,0x00,0x00,0x00,0x00,0x00,0x00,0x00,0x00,0x00,0x00,0x00,0x00,0x00,0x00,0x00,0x00,0x00,0x00,0x00,0x00,0x00,0x00,0x00,0x00,0x00,0x00,0x00,0x00,0x00,0x00,0x00,0x00,0x00,0x00,0x08,0x00,0x00,0x00,0x1C,0xFC,0xFF,0xFF,0x3F,0x00,0x00,0x00,0x00,0x00,0x00,0x00,0x00,0x00,0x00,0x00,0x00,0x00,0x00,0x00,0x00,0x00,0x00,0x00,0x00},{"二"},
																																																																																																																																																																																																																																																																																																																																				
	{0x00,0x00,0x00,0x00,0x00,0x00,0x00,0x00,0x00,0x00,0x00,0x00,0x00,0x00,0x00,0x00,0x00,0x00,0x00,0x00,0x00,0x00,0x00,0x04,0x00,0x00,0x00,0x0E,0xF0,0xFF,0xFF,0x0F,0x00,0x00,0x00,0x00,0x00,0x00,0x00,0x00,0x00,0x00,0x00,0x00,0x00,0x00,0x00,0x00,0x00,0x00,0x00,0x00,0x00,0x00,0x00,0x00,0x00,0x00,0x00,0x00,0x00,0x00,0x80,0x01,0xC0,0xFF,0xFF,0x03,0x00,0x00,0x00,0x00,0x00,0x00,0x00,0x00,0x00,0x00,0x00,0x00,0x00,0x00,0x00,0x00,0x00,0x00,0x00,0x00,0x00,0x00,0x00,0x00,0x00,0x00,0x00,0x00,0x00,0x00,0x00,0x00,0x00,0x00,0x00,0x00,0x00,0x00,0x00,0x18,0xFE,0xFF,0xFF,0x3F,0x00,0x00,0x00,0x00,0x00,0x00,0x00,0x00,0x00,0x00,0x00,0x00,0x00,0x00,0x00,0x00},{"三"},
																																																																																																																																																																																																																																																																																																																																				
	{0x00,0x00,0x00,0x00,0x00,0x00,0x00,0x00,0x00,0x00,0x00,0x00,0x10,0x00,0x00,0x04,0xF0,0xFF,0xFF,0x0F,0x30,0x30,0x0C,0x0C,0x30,0x30,0x0C,0x0C,0x30,0x30,0x0C,0x0C,0x30,0x30,0x0C,0x0C,0x30,0x30,0x0C,0x0C,0x30,0x30,0x0C,0x0C,0x30,0x10,0x0C,0x0C,0x30,0x10,0x0C,0x0C,0x30,0x10,0x0C,0x0C,0x30,0x18,0x0C,0x0C,0x30,0x18,0x0C,0x0C,0x30,0x18,0x0C,0x0C,0x30,0x18,0x0C,0x0C,0x30,0x08,0x0C,0x0C,0x30,0x0C,0x0C,0x0C,0x30,0x04,0xFC,0x0D,0x30,0x06,0xF8,0x0F,0x30,0x03,0x00,0x0C,0xB0,0x01,0x00,0x0C,0x70,0x00,0x00,0x0C,0x30,0x00,0x00,0x0C,0x30,0x00,0x00,0x0C,0xF0,0xFF,0xFF,0x0F,0x30,0x00,0x00,0x0C,0x30,0x00,0x00,0x0C,0x30,0x00,0x00,0x04,0x00,0x00,0x00,0x00},{"四"},
																																																																																																																																																																																																																																																																																																																																			
	{0x00,0x00,0x00,0x00,0x00,0x00,0x00,0x00,0x00,0x00,0x00,0x00,0x00,0x00,0x00,0x06,0xF0,0xFF,0xFF,0x0F,0x00,0xC0,0x00,0x00,0x00,0xC0,0x00,0x00,0x00,0xC0,0x00,0x00,0x00,0x40,0x00,0x00,0x00,0x60,0x00,0x00,0x00,0x60,0x00,0x00,0x00,0x60,0x00,0x00,0x00,0x60,0x00,0x00,0x00,0x60,0x80,0x00,0xE0,0xFF,0xFF,0x01,0x00,0x20,0xC0,0x00,0x00,0x30,0xC0,0x00,0x00,0x30,0xC0,0x00,0x00,0x30,0xC0,0x00,0x00,0x30,0xC0,0x00,0x00,0x30,0xC0,0x00,0x00,0x10,0xC0,0x00,0x00,0x18,0xC0,0x00,0x00,0x18,0xC0,0x00,0x00,0x18,0xC0,0x00,0x00,0x18,0xC0,0x00,0x00,0x18,0xC0,0x00,0x00,0x08,0xC0,0x18,0xFC,0xFF,0xFF,0x3F,0x00,0x00,0x00,0x00,0x00,0x00,0x00,0x00,0x00,0x00,0x00,0x00},{"五"},
																																																																																																																																																																																																																																																																																																																																			
	{0x00,0x00,0x00,0x00,0x00,0x00,0x00,0x00,0x00,0x20,0x00,0x00,0x00,0x60,0x00,0x00,0x00,0xC0,0x00,0x00,0x00,0x80,0x01,0x00,0x00,0x80,0x03,0x00,0x00,0x80,0x03,0x00,0x00,0x00,0x03,0x00,0x00,0x00,0x01,0x00,0x00,0x00,0x00,0x18,0xFC,0xFF,0xFF,0x3F,0x00,0x00,0x00,0x00,0x00,0x00,0x00,0x00,0x00,0x08,0x00,0x00,0x00,0x18,0x04,0x00,0x00,0x38,0x08,0x00,0x00,0x1C,0x10,0x00,0x00,0x1C,0x20,0x00,0x00,0x0C,0x60,0x00,0x00,0x06,0xC0,0x00,0x00,0x06,0x80,0x01,0x00,0x03,0x80,0x03,0x80,0x01,0x00,0x07,0x80,0x01,0x00,0x0F,0xC0,0x00,0x00,0x0E,0x60,0x00,0x00,0x0E,0x30,0x00,0x00,0x0C,0x18,0x00,0x00,0x0C,0x08,0x00,0x00,0x00,0x04,0x00,0x00,0x00,0x00,0x00,0x00,0x00},{"六"},
																																																																																																																																																																																																																																																																																																																																			 
	{0x00,0x00,0x00,0x00,0x00,0x00,0x00,0x00,0x00,0x60,0x00,0x00,0x00,0xE0,0x00,0x00,0x00,0x60,0x00,0x00,0x00,0x60,0x00,0x00,0x00,0x60,0x00,0x00,0x00,0x60,0x00,0x00,0x00,0x60,0x00,0x00,0x00,0x60,0x00,0x08,0x00,0x60,0x00,0x3C,0x00,0x60,0x80,0x03,0x00,0x60,0x78,0x00,0x00,0xE0,0x07,0x00,0x00,0x78,0x00,0x00,0x80,0x67,0x00,0x00,0x78,0x60,0x00,0x00,0x04,0x60,0x00,0x00,0x00,0x60,0x00,0x00,0x00,0x60,0x00,0x00,0x00,0x60,0x00,0x10,0x00,0x60,0x00,0x10,0x00,0x60,0x00,0x10,0x00,0x60,0x00,0x10,0x00,0x60,0x00,0x10,0x00,0x60,0x00,0x10,0x00,0xC0,0x00,0x38,0x00,0xC0,0xFF,0x3F,0x00,0x80,0xFF,0x1F,0x00,0x00,0x00,0x00,0x00,0x00,0x00,0x00,0x00,0x00,0x00,0x00},{"七"},
																																																																																																																																																																																																																																																																																																																																			 
	{0x00,0x00,0x00,0x00,0x00,0x00,0x00,0x00,0x00,0x00,0x00,0x00,0x00,0x00,0x04,0x00,0x00,0x08,0x0C,0x00,0x00,0x38,0x04,0x00,0x00,0x38,0x04,0x00,0x00,0x18,0x0C,0x00,0x00,0x18,0x0C,0x00,0x00,0x18,0x08,0x00,0x00,0x18,0x08,0x00,0x00,0x18,0x08,0x00,0x00,0x18,0x08,0x00,0x00,0x08,0x18,0x00,0x00,0x0C,0x18,0x00,0x00,0x0C,0x10,0x00,0x00,0x0C,0x10,0x00,0x00,0x0C,0x30,0x00,0x00,0x06,0x20,0x00,0x00,0x06,0x60,0x00,0x00,0x02,0x60,0x00,0x00,0x03,0xC0,0x00,0x00,0x03,0xC0,0x00,0x80,0x01,0x80,0x01,0x80,0x00,0x80,0x03,0xC0,0x00,0x00,0x07,0x60,0x00,0x00,0x0F,0x20,0x00,0x00,0x1E,0x10,0x00,0x00,0x7C,0x08,0x00,0x00,0x08,0x04,0x00,0x00,0x00,0x00,0x00,0x00,0x00},{"八"},
																																																																																																																																																																																																																																																																																																																																				
	{0x00,0x00,0x00,0x00,0x00,0x00,0x00,0x00,0x00,0x10,0x00,0x00,0x00,0x30,0x00,0x00,0x00,0x10,0x00,0x00,0x00,0x10,0x00,0x00,0x00,0x10,0x00,0x00,0x00,0x18,0x00,0x00,0x00,0x18,0x00,0x00,0x00,0x18,0x30,0x00,0xF8,0xFF,0x3F,0x00,0x00,0x18,0x10,0x00,0x00,0x18,0x10,0x00,0x00,0x18,0x10,0x00,0x00,0x18,0x10,0x00,0x00,0x18,0x10,0x00,0x00,0x08,0x10,0x00,0x00,0x0C,0x10,0x00,0x00,0x0C,0x10,0x00,0x00,0x0C,0x10,0x00,0x00,0x04,0x10,0x00,0x00,0x06,0x10,0x00,0x00,0x02,0x10,0x00,0x00,0x03,0x10,0x10,0x00,0x01,0x10,0x10,0x80,0x00,0x10,0x10,0xC0,0x00,0x10,0x10,0x60,0x00,0x10,0x30,0x30,0x00,0xF0,0x3F,0x08,0x00,0xF0,0x1F,0x04,0x00,0x00,0x00,0x00,0x00,0x00,0x00},{"九"},
																																																																																																																																																																																																																																																																																																																																				
	{0x00,0x00,0x00,0x00,0x00,0x00,0x00,0x00,0x00,0xC0,0x01,0x00,0x00,0xC0,0x03,0x00,0x00,0xC0,0x03,0x00,0x00,0xC0,0x03,0x00,0x00,0xC0,0x03,0x00,0x00,0xC0,0x03,0x00,0x00,0xC0,0x03,0x00,0x00,0xC0,0x03,0x00,0x00,0xC0,0x03,0x00,0x00,0xC0,0x03,0x18,0x00,0xC0,0x03,0x3C,0xFE,0xFF,0xFF,0x7F,0x0C,0xC0,0x03,0x00,0x00,0xC0,0x03,0x00,0x00,0xC0,0x03,0x00,0x00,0xC0,0x03,0x00,0x00,0xC0,0x03,0x00,0x00,0xC0,0x03,0x00,0x00,0xC0,0x03,0x00,0x00,0xC0,0x03,0x00,0x00,0xC0,0x03,0x00,0x00,0xC0,0x03,0x00,0x00,0xC0,0x03,0x00,0x00,0xC0,0x03,0x00,0x00,0xC0,0x03,0x00,0x00,0xC0,0x03,0x00,0x00,0xC0,0x03,0x00,0x00,0xC0,0x03,0x00,0x00,0xC0,0x01,0x00,0x00,0x00,0x00,0x00},{"十"},
																																																																																																																																																																																																																																																																																																																																			 
	{0x00,0x00,0x00,0x00,0x00,0x00,0x00,0x00,0x00,0x10,0x00,0x00,0x00,0x38,0x00,0x00,0x00,0x18,0x00,0x00,0x00,0x1C,0x40,0x00,0x00,0xFC,0xFF,0x00,0x00,0x06,0xE0,0x00,0x00,0x0E,0x70,0x00,0x00,0x13,0x38,0x00,0x80,0x31,0x18,0x00,0x80,0x60,0x0C,0x00,0x40,0xC0,0x06,0x00,0x20,0x80,0x03,0x00,0x10,0xC0,0x03,0x00,0x00,0xE0,0x0E,0x00,0x00,0x38,0x3C,0x00,0x00,0x0C,0xF0,0x00,0x00,0x03,0xE0,0x07,0xC0,0xC0,0x81,0x3F,0x38,0x00,0x07,0x0C,0x04,0x00,0x0E,0x00,0x00,0x00,0x0C,0x00,0x00,0x00,0x0C,0x00,0x00,0x06,0x00,0x00,0x00,0x78,0x00,0x00,0x00,0xC0,0x03,0x00,0x00,0x00,0x0F,0x00,0x00,0x00,0x1E,0x00,0x00,0x00,0x38,0x00,0x00,0x00,0x10,0x00,0x00,0x00,0x00,0x00},{"冬"},
																																																																																																																																																																																																																																																																																																																																				
	{0x00,0x00,0x00,0x00,0x00,0x00,0x00,0x00,0x00,0x00,0x86,0x00,0x10,0x00,0x8E,0x01,0xF0,0x1F,0x86,0x01,0x30,0x0C,0x86,0x01,0x30,0x0C,0x86,0x09,0x30,0xEC,0xFF,0x1F,0x30,0x0C,0x86,0x01,0x30,0x0C,0x86,0x01,0xF0,0x0F,0x86,0x01,0x30,0x0C,0x86,0x01,0x30,0x0C,0x86,0x19,0x30,0xFC,0xFF,0x3F,0x30,0x0C,0x00,0x00,0x30,0x0C,0x00,0x00,0x30,0x0C,0x00,0x00,0xF0,0x0F,0x00,0x04,0x30,0x8C,0xFF,0x0F,0x30,0x8C,0x01,0x04,0x30,0x8C,0x01,0x04,0x30,0x8C,0x01,0x04,0x30,0x8C,0xFF,0x07,0x10,0x8C,0x01,0x04,0x10,0x8C,0x01,0x04,0x10,0x8C,0x01,0x04,0x18,0x8C,0x01,0x04,0x08,0x8C,0xFF,0x07,0x88,0x8F,0x01,0x04,0x04,0x86,0x01,0x04,0x02,0x02,0x00,0x00,0x00,0x00,0x00,0x00},{"腊"},
																																																																																																																																																																																																																																																																																																																																				
	{0x00,0x00,0x00,0x00,0x00,0x00,0x00,0x00,0x00,0x00,0x00,0x00,0x00,0x00,0x80,0x00,0x00,0xFE,0xFF,0x01,0x00,0x06,0x80,0x00,0x00,0x06,0x80,0x00,0x00,0x06,0x80,0x00,0x00,0x06,0x80,0x00,0x00,0x06,0x80,0x00,0x00,0x06,0x80,0x00,0x00,0xFE,0xFF,0x00,0x00,0x02,0x80,0x00,0x00,0x02,0x80,0x00,0x00,0x02,0x80,0x00,0x00,0x02,0x80,0x00,0x00,0x02,0x80,0x00,0x00,0x02,0x80,0x00,0x00,0xFE,0xFF,0x00,0x00,0x03,0x80,0x00,0x00,0x03,0x80,0x00,0x00,0x03,0x80,0x00,0x00,0x03,0x80,0x00,0x80,0x01,0x80,0x00,0x80,0x01,0x80,0x00,0x80,0x00,0x80,0x00,0xC0,0x00,0x80,0x00,0x60,0x00,0xC2,0x00,0x30,0x00,0xFC,0x00,0x18,0x00,0x60,0x00,0x04,0x00,0x20,0x00,0x00,0x00,0x00,0x00},{"月"},
																																																																																																																																																																																																																																																																																																																																				
	{0x00,0x00,0x00,0x00,0x00,0x00,0x00,0x00,0x40,0x00,0x00,0x00,0x80,0x01,0x00,0x00,0x00,0x03,0x00,0x00,0x00,0x03,0x00,0x00,0x00,0x03,0x00,0x10,0x00,0xC8,0xFF,0x3F,0xFC,0x1F,0x08,0x18,0x00,0x0C,0x08,0x18,0x00,0x0C,0x08,0x18,0x00,0x06,0x08,0x18,0x00,0x03,0x08,0x18,0x00,0x61,0x0C,0x18,0x80,0x71,0x0C,0x18,0xC0,0x11,0x0C,0x18,0x60,0x09,0x0C,0x18,0x30,0x07,0x0C,0x18,0x10,0x1D,0x04,0x08,0x0C,0x31,0x04,0x08,0x02,0x21,0x06,0x08,0x00,0x21,0x06,0x0C,0x00,0x01,0x02,0x0C,0x00,0x01,0x03,0x0C,0x00,0x01,0x01,0x0C,0x00,0x81,0x01,0x0C,0x00,0xC1,0x00,0x0C,0x00,0x61,0x00,0x0E,0x00,0x21,0xE0,0x07,0x00,0x19,0x80,0x07,0x00,0x01,0x00,0x01,0x00,0x00,0x00,0x00},{"初"},
																																																																																																																																																																																																																																																																																																																																				
	{0x00,0x00,0x00,0x00,0x00,0x00,0x00,0x00,0x00,0x04,0x10,0x00,0x00,0x1C,0x70,0x00,0x00,0x0C,0x30,0x00,0x00,0x0C,0x30,0x00,0x00,0x0C,0x30,0x00,0x00,0x0C,0x30,0x00,0x00,0x0C,0x30,0x00,0x00,0x0C,0x30,0x00,0x00,0x0C,0x30,0x08,0x00,0x0C,0x30,0x1C,0xFC,0xFF,0xFF,0x3F,0x00,0x0C,0x30,0x00,0x00,0x0C,0x30,0x00,0x00,0x0C,0x30,0x00,0x00,0x0C,0x30,0x00,0x00,0x0C,0x30,0x00,0x00,0x0C,0x30,0x00,0x00,0x0C,0x30,0x00,0x00,0x0C,0x30,0x00,0x00,0x0C,0x30,0x00,0x00,0x0C,0x30,0x00,0x00,0x0C,0x30,0x00,0x00,0x0C,0x30,0x00,0x00,0x0C,0x30,0x00,0x00,0xFC,0x3F,0x00,0x00,0x0C,0x30,0x00,0x00,0x0C,0x30,0x00,0x00,0x0C,0x30,0x00,0x00,0x04,0x10,0x00,0x00,0x00,0x00,0x00},{"廿"},
																																																																																																																																																																																																																																																																																																																																				
	{0x00,0x00,0x00,0x00,0x00,0x00,0x00,0x00,0x80,0x00,0x80,0x00,0x80,0x03,0x80,0x03,0x80,0x81,0x81,0x01,0x80,0x81,0x81,0x01,0x80,0x81,0x81,0x01,0x80,0x81,0x81,0x01,0x80,0x81,0x81,0x01,0x80,0x81,0x81,0x01,0x80,0x81,0x81,0x01,0x80,0x81,0x81,0x01,0x80,0x81,0x81,0x01,0x80,0x81,0x81,0x19,0xFC,0xFF,0xFF,0x3F,0x80,0x81,0x81,0x01,0x80,0x81,0x81,0x01,0x80,0x81,0x81,0x01,0x80,0x81,0x81,0x01,0x80,0x81,0x81,0x01,0x80,0x81,0x81,0x01,0x80,0x80,0x81,0x01,0x80,0x80,0x81,0x01,0xC0,0x80,0x81,0x01,0xC0,0x80,0x81,0x01,0x60,0x80,0x81,0x01,0x20,0x80,0x81,0x01,0x30,0x80,0x81,0x01,0x18,0x80,0x80,0x01,0x0C,0x00,0x80,0x01,0x02,0x00,0x80,0x00,0x00,0x00,0x00,0x00},{"卅"},
																																																																																																																																																																																																																																																																																																																																				
	{0x00,0x00,0x00,0x00,0x00,0x00,0x00,0x00,0x00,0x00,0x00,0x00,0x00,0x00,0x00,0x00,0x00,0x00,0x00,0x00,0x00,0x00,0x00,0x00,0x00,0x00,0x00,0x00,0x00,0x00,0x00,0x00,0x00,0x00,0x00,0x00,0x00,0x00,0x00,0x00,0x00,0x00,0x00,0x00,0x00,0x00,0x00,0x00,0x00,0x00,0x00,0x00,0x00,0x00,0x00,0x0C,0xFC,0xFF,0xFF,0x3F,0x00,0x00,0x00,0x00,0x00,0x00,0x00,0x00,0x00,0x00,0x00,0x00,0x00,0x00,0x00,0x00,0x00,0x00,0x00,0x00,0x00,0x00,0x00,0x00,0x00,0x00,0x00,0x00,0x00,0x00,0x00,0x00,0x00,0x00,0x00,0x00,0x00,0x00,0x00,0x00,0x00,0x00,0x00,0x00,0x00,0x00,0x00,0x00,0x00,0x00,0x00,0x00,0x00,0x00,0x00,0x00,0x00,0x00,0x00,0x00,0x00,0x00,0x00,0x00,0x00,0x00,0x00,0x00},{"一"},
		
	{0x00,0x00,0x00,0x00,0x00,0x00,0x00,0x00,0x00,0x00,0x00,0x00,0x80,0x00,0x00,0x01,0x80,0xFF,0xFF,0x03,0x80,0x01,0x80,0x01,0x80,0x01,0x80,0x01,0x80,0x01,0x80,0x01,0x80,0x01,0x80,0x01,0x80,0x01,0x80,0x01,0x80,0x01,0x80,0x01,0x80,0x01,0x80,0x01,0x80,0x01,0x80,0x01,0x80,0x01,0x80,0x01,0x80,0xFF,0xFF,0x01,0x80,0x01,0x80,0x01,0x80,0x01,0x80,0x01,0x80,0x01,0x80,0x01,0x80,0x01,0x80,0x01,0x80,0x01,0x80,0x01,0x80,0x01,0x80,0x01,0x80,0x01,0x80,0x01,0x80,0x01,0x80,0x01,0x80,0x01,0x80,0x01,0x80,0x01,0x80,0x01,0x80,0x01,0x80,0x01,0x80,0xFF,0xFF,0x01,0x80,0x01,0x80,0x01,0x80,0x01,0x80,0x01,0x80,0x00,0x80,0x00,0x00,0x00,0x00,0x00,0x00,0x00,0x00,0x00},{"日"},	
																																																																																																																																																																																																																																																																																																																																																																																																																																																																																																																																																																																																																																																																					
																																																																													
};


pFONT CH_Font12 = { Chinese_1212[0], 12, 12, 24  ,	sizeof(Chinese_1212)/sizeof(Chinese_1212[0]) };
pFONT CH_Font16 = { Chinese_1616[0], 16, 16, 32  ,	sizeof(Chinese_1616)/sizeof(Chinese_1616[0]) };
pFONT CH_Font20 = { Chinese_2020[0], 20, 20, 60  ,	sizeof(Chinese_2020)/sizeof(Chinese_2020[0]) };
pFONT CH_Font24 = { Chinese_2424[0], 24, 24, 72  ,	sizeof(Chinese_2424)/sizeof(Chinese_2424[0]) };
pFONT CH_Font32 = { Chinese_3232[0], 32, 32, 128 ,	sizeof(Chinese_3232)/sizeof(Chinese_3232[0]) };


/*********************************************************************************************************************************************************************************************************************************************FANKE*****/
/*	
	*	1.以下为ASCII字模数据
	*	2.ASCII字符集: !"#$%&'()*+,-./0123456789:;<=>?@ABCDEFGHIJKLMNOPQRSTUVWXYZ[\]^_`abcdefghijklmnopqrstuvwxyz{|}~
	*	3.ASCII字模，宋体，总共有5种大小的字模：3216、2412、2010、1608、1206
*/
/*********************************************************************************************************************************************************************************************************************************************FANKE*****/

const uint8_t ASCII_3216_Table [] = 
{
	0x00,0x00,0x00,0x00,0x00,0x00,0x00,0x00,0x00,0x00,0x00,0x00,0x00,0x00,0x00,0x00,0x00,0x00,0x00,0x00,0x00,0x00,0x00,0x00,0x00,0x00,0x00,0x00,0x00,0x00,0x00,0x00,0x00,0x00,0x00,0x00,0x00,0x00,0x00,0x00,0x00,0x00,0x00,0x00,0x00,0x00,0x00,0x00,0x00,0x00,0x00,0x00,0x00,0x00,0x00,0x00,0x00,0x00,0x00,0x00,0x00,0x00,0x00,0x00,/*" ",0*/
	0x00,0x00,0x00,0x00,0x00,0x00,0x00,0x00,0x00,0x00,0x00,0x00,0xC0,0x03,0xC0,0x03,0xC0,0x03,0xC0,0x03,0xC0,0x03,0xC0,0x03,0x80,0x03,0x80,0x01,0x80,0x01,0x80,0x01,0x80,0x01,0x80,0x01,0x80,0x01,0x80,0x01,0x80,0x01,0x00,0x00,0x00,0x00,0x00,0x00,0x80,0x01,0xC0,0x03,0xC0,0x03,0x80,0x01,0x00,0x00,0x00,0x00,0x00,0x00,0x00,0x00,/*"!",1*/
	0x00,0x00,0x00,0x00,0xC0,0x18,0xE0,0x1C,0xE0,0x1C,0x70,0x0E,0x30,0x06,0x18,0x03,0x8C,0x01,0x84,0x00,0x00,0x00,0x00,0x00,0x00,0x00,0x00,0x00,0x00,0x00,0x00,0x00,0x00,0x00,0x00,0x00,0x00,0x00,0x00,0x00,0x00,0x00,0x00,0x00,0x00,0x00,0x00,0x00,0x00,0x00,0x00,0x00,0x00,0x00,0x00,0x00,0x00,0x00,0x00,0x00,0x00,0x00,0x00,0x00,/*""",2*/
	0x00,0x00,0x00,0x00,0x00,0x00,0x00,0x00,0x00,0x00,0x00,0x00,0x20,0x10,0x20,0x10,0x20,0x10,0x20,0x10,0x20,0x10,0xFE,0x7F,0xFE,0x7F,0xFE,0x7F,0x10,0x08,0x10,0x08,0x10,0x08,0x10,0x08,0x10,0x08,0x10,0x08,0xFE,0x7F,0xFE,0x7F,0xFE,0x7F,0x18,0x0C,0x08,0x04,0x08,0x04,0x08,0x04,0x08,0x04,0x00,0x00,0x00,0x00,0x00,0x00,0x00,0x00,/*"#",3*/
	0x00,0x00,0x00,0x00,0x00,0x00,0x00,0x00,0x80,0x00,0x80,0x00,0xC0,0x03,0xB0,0x0C,0x90,0x18,0x98,0x18,0x98,0x1C,0x98,0x1C,0xB8,0x00,0xB0,0x00,0xF0,0x00,0xE0,0x00,0xC0,0x03,0x80,0x07,0x80,0x0F,0x80,0x0C,0x80,0x1C,0x80,0x18,0x9C,0x18,0x9C,0x18,0x8C,0x18,0x8C,0x0C,0x98,0x06,0xE0,0x03,0x80,0x00,0x80,0x00,0x80,0x00,0x00,0x00,/*"$",4*/
	0x00,0x00,0x00,0x00,0x00,0x00,0x00,0x00,0x00,0x00,0x00,0x00,0x1C,0x08,0x36,0x08,0x22,0x04,0x63,0x04,0x63,0x02,0x63,0x02,0x63,0x02,0x63,0x01,0x63,0x01,0x22,0x01,0xB6,0x1C,0x9C,0x36,0x40,0x22,0x40,0x63,0x40,0x63,0x20,0x63,0x20,0x63,0x10,0x63,0x10,0x63,0x10,0x22,0x08,0x36,0x08,0x1C,0x00,0x00,0x00,0x00,0x00,0x00,0x00,0x00,/*"%",5*/
	0x00,0x00,0x00,0x00,0x00,0x00,0x00,0x00,0x00,0x00,0x00,0x00,0xF0,0x00,0x98,0x00,0x8C,0x01,0x8C,0x01,0x8C,0x01,0x8C,0x01,0x8C,0x00,0xCC,0x00,0x5C,0x00,0x38,0x00,0x1C,0x3E,0x3C,0x08,0x32,0x08,0x73,0x08,0x63,0x04,0xE3,0x04,0xC3,0x04,0x83,0x03,0x83,0x43,0x06,0x67,0x8C,0x3E,0x78,0x1C,0x00,0x00,0x00,0x00,0x00,0x00,0x00,0x00,/*"&",6*/
	0x00,0x00,0x00,0x00,0x1C,0x00,0x3C,0x00,0x3C,0x00,0x30,0x00,0x30,0x00,0x10,0x00,0x0C,0x00,0x06,0x00,0x00,0x00,0x00,0x00,0x00,0x00,0x00,0x00,0x00,0x00,0x00,0x00,0x00,0x00,0x00,0x00,0x00,0x00,0x00,0x00,0x00,0x00,0x00,0x00,0x00,0x00,0x00,0x00,0x00,0x00,0x00,0x00,0x00,0x00,0x00,0x00,0x00,0x00,0x00,0x00,0x00,0x00,0x00,0x00,/*"'",7*/
	0x00,0x00,0x00,0x00,0x00,0x40,0x00,0x20,0x00,0x10,0x00,0x18,0x00,0x0C,0x00,0x04,0x00,0x06,0x00,0x02,0x00,0x03,0x00,0x03,0x80,0x01,0x80,0x01,0x80,0x01,0x80,0x01,0x80,0x01,0x80,0x01,0x80,0x01,0x80,0x01,0x80,0x01,0x00,0x03,0x00,0x03,0x00,0x02,0x00,0x06,0x00,0x04,0x00,0x0C,0x00,0x18,0x00,0x10,0x00,0x20,0x00,0x40,0x00,0x00,/*"(",8*/
	0x00,0x00,0x00,0x00,0x02,0x00,0x04,0x00,0x08,0x00,0x18,0x00,0x30,0x00,0x20,0x00,0x60,0x00,0x40,0x00,0xC0,0x00,0xC0,0x00,0x80,0x01,0x80,0x01,0x80,0x01,0x80,0x01,0x80,0x01,0x80,0x01,0x80,0x01,0x80,0x01,0x80,0x01,0xC0,0x00,0xC0,0x00,0xC0,0x00,0x60,0x00,0x20,0x00,0x30,0x00,0x18,0x00,0x08,0x00,0x04,0x00,0x02,0x00,0x00,0x00,/*")",9*/
	0x00,0x00,0x00,0x00,0x00,0x00,0x00,0x00,0x00,0x00,0x00,0x00,0x00,0x00,0x00,0x00,0x00,0x03,0x80,0x03,0x80,0x03,0x0C,0x63,0x1C,0x71,0x38,0x39,0x60,0x0D,0x80,0x03,0x80,0x03,0x60,0x0D,0x38,0x39,0x1C,0x71,0x8C,0x61,0x80,0x03,0x80,0x03,0x80,0x03,0x00,0x00,0x00,0x00,0x00,0x00,0x00,0x00,0x00,0x00,0x00,0x00,0x00,0x00,0x00,0x00,/*"*",10*/
	0x00,0x00,0x00,0x00,0x00,0x00,0x00,0x00,0x00,0x00,0x00,0x00,0x00,0x00,0x00,0x00,0x00,0x00,0x00,0x01,0x00,0x01,0x00,0x01,0x00,0x01,0x00,0x01,0x00,0x01,0x00,0x01,0xFC,0x7F,0x00,0x01,0x00,0x01,0x00,0x01,0x00,0x01,0x00,0x01,0x00,0x01,0x00,0x01,0x00,0x00,0x00,0x00,0x00,0x00,0x00,0x00,0x00,0x00,0x00,0x00,0x00,0x00,0x00,0x00,/*"+",11*/
	0x00,0x00,0x00,0x00,0x00,0x00,0x00,0x00,0x00,0x00,0x00,0x00,0x00,0x00,0x00,0x00,0x00,0x00,0x00,0x00,0x00,0x00,0x00,0x00,0x00,0x00,0x00,0x00,0x00,0x00,0x00,0x00,0x00,0x00,0x00,0x00,0x00,0x00,0x00,0x00,0x00,0x00,0x00,0x00,0x00,0x00,0x00,0x00,0x1C,0x00,0x3C,0x00,0x3C,0x00,0x30,0x00,0x30,0x00,0x10,0x00,0x0C,0x00,0x06,0x00,/*",",12*/
	0x00,0x00,0x00,0x00,0x00,0x00,0x00,0x00,0x00,0x00,0x00,0x00,0x00,0x00,0x00,0x00,0x00,0x00,0x00,0x00,0x00,0x00,0x00,0x00,0x00,0x00,0x00,0x00,0x00,0x00,0x00,0x00,0xFE,0x7F,0x00,0x00,0x00,0x00,0x00,0x00,0x00,0x00,0x00,0x00,0x00,0x00,0x00,0x00,0x00,0x00,0x00,0x00,0x00,0x00,0x00,0x00,0x00,0x00,0x00,0x00,0x00,0x00,0x00,0x00,/*"-",13*/
	0x00,0x00,0x00,0x00,0x00,0x00,0x00,0x00,0x00,0x00,0x00,0x00,0x00,0x00,0x00,0x00,0x00,0x00,0x00,0x00,0x00,0x00,0x00,0x00,0x00,0x00,0x00,0x00,0x00,0x00,0x00,0x00,0x00,0x00,0x00,0x00,0x00,0x00,0x00,0x00,0x00,0x00,0x00,0x00,0x00,0x00,0x00,0x00,0x18,0x00,0x3C,0x00,0x3C,0x00,0x18,0x00,0x00,0x00,0x00,0x00,0x00,0x00,0x00,0x00,/*".",14*/
	0x00,0x00,0x00,0x00,0x00,0x00,0x00,0x40,0x00,0x60,0x00,0x20,0x00,0x30,0x00,0x10,0x00,0x18,0x00,0x08,0x00,0x0C,0x00,0x04,0x00,0x06,0x00,0x02,0x00,0x03,0x00,0x01,0x80,0x01,0x80,0x00,0xC0,0x00,0x40,0x00,0x60,0x00,0x20,0x00,0x30,0x00,0x10,0x00,0x18,0x00,0x08,0x00,0x0C,0x00,0x04,0x00,0x06,0x00,0x02,0x00,0x00,0x00,0x00,0x00,/*"/",15*/
	0x00,0x00,0x00,0x00,0x00,0x00,0x00,0x00,0x00,0x00,0x00,0x00,0xC0,0x03,0x60,0x04,0x30,0x0C,0x18,0x18,0x18,0x18,0x18,0x10,0x0C,0x30,0x0C,0x30,0x0C,0x30,0x0C,0x30,0x0C,0x30,0x0C,0x30,0x0C,0x30,0x0C,0x30,0x0C,0x30,0x0C,0x30,0x18,0x10,0x18,0x18,0x18,0x18,0x30,0x0C,0x60,0x04,0xC0,0x03,0x00,0x00,0x00,0x00,0x00,0x00,0x00,0x00,/*"0",16*/
	0x00,0x00,0x00,0x00,0x00,0x00,0x00,0x00,0x00,0x00,0x00,0x00,0x00,0x01,0x80,0x01,0xF8,0x01,0x80,0x01,0x80,0x01,0x80,0x01,0x80,0x01,0x80,0x01,0x80,0x01,0x80,0x01,0x80,0x01,0x80,0x01,0x80,0x01,0x80,0x01,0x80,0x01,0x80,0x01,0x80,0x01,0x80,0x01,0x80,0x01,0x80,0x01,0xC0,0x03,0xF8,0x1F,0x00,0x00,0x00,0x00,0x00,0x00,0x00,0x00,/*"1",17*/
	0x00,0x00,0x00,0x00,0x00,0x00,0x00,0x00,0x00,0x00,0x00,0x00,0xE0,0x07,0x10,0x1C,0x08,0x18,0x04,0x30,0x04,0x30,0x0C,0x30,0x0C,0x30,0x00,0x30,0x00,0x18,0x00,0x18,0x00,0x0C,0x00,0x06,0x00,0x03,0x80,0x01,0xC0,0x00,0x40,0x00,0x20,0x20,0x10,0x20,0x08,0x20,0x04,0x30,0xFC,0x1F,0xFC,0x1F,0x00,0x00,0x00,0x00,0x00,0x00,0x00,0x00,/*"2",18*/
	0x00,0x00,0x00,0x00,0x00,0x00,0x00,0x00,0x00,0x00,0x00,0x00,0xE0,0x03,0x18,0x06,0x0C,0x0C,0x0C,0x18,0x0C,0x18,0x0C,0x18,0x00,0x18,0x00,0x18,0x00,0x0C,0x00,0x06,0xC0,0x03,0x00,0x0E,0x00,0x18,0x00,0x10,0x00,0x30,0x00,0x30,0x0C,0x30,0x0C,0x30,0x0C,0x10,0x0C,0x18,0x18,0x0C,0xE0,0x03,0x00,0x00,0x00,0x00,0x00,0x00,0x00,0x00,/*"3",19*/
	0x00,0x00,0x00,0x00,0x00,0x00,0x00,0x00,0x00,0x00,0x00,0x00,0x00,0x06,0x00,0x06,0x00,0x07,0x00,0x07,0x80,0x06,0x80,0x06,0x40,0x06,0x20,0x06,0x20,0x06,0x10,0x06,0x10,0x06,0x08,0x06,0x0C,0x06,0x04,0x06,0x02,0x06,0xFE,0x3F,0x00,0x06,0x00,0x06,0x00,0x06,0x00,0x06,0x00,0x06,0xC0,0x3F,0x00,0x00,0x00,0x00,0x00,0x00,0x00,0x00,/*"4",20*/
	0x00,0x00,0x00,0x00,0x00,0x00,0x00,0x00,0x00,0x00,0x00,0x00,0xF0,0x3F,0xF0,0x3F,0x08,0x00,0x08,0x00,0x08,0x00,0x08,0x00,0x08,0x00,0x08,0x00,0xC8,0x07,0x28,0x0C,0x18,0x18,0x08,0x10,0x00,0x30,0x00,0x30,0x00,0x30,0x00,0x30,0x0C,0x30,0x0C,0x30,0x04,0x18,0x04,0x18,0x18,0x0C,0xE0,0x03,0x00,0x00,0x00,0x00,0x00,0x00,0x00,0x00,/*"5",21*/
	0x00,0x00,0x00,0x00,0x00,0x00,0x00,0x00,0x00,0x00,0x00,0x00,0x80,0x07,0x60,0x18,0x30,0x18,0x10,0x18,0x18,0x00,0x08,0x00,0x08,0x00,0x0C,0x00,0xCC,0x07,0x6C,0x0C,0x1C,0x18,0x1C,0x10,0x0C,0x30,0x0C,0x30,0x0C,0x30,0x0C,0x30,0x0C,0x30,0x18,0x30,0x18,0x10,0x30,0x18,0x70,0x0C,0xC0,0x07,0x00,0x00,0x00,0x00,0x00,0x00,0x00,0x00,/*"6",22*/
	0x00,0x00,0x00,0x00,0x00,0x00,0x00,0x00,0x00,0x00,0x00,0x00,0xF8,0x3F,0xF8,0x3F,0x08,0x10,0x0C,0x08,0x04,0x08,0x04,0x04,0x00,0x04,0x00,0x02,0x00,0x02,0x00,0x02,0x00,0x01,0x00,0x01,0x80,0x00,0x80,0x00,0x80,0x00,0x80,0x00,0xC0,0x00,0xC0,0x00,0xC0,0x00,0xC0,0x00,0xC0,0x00,0xC0,0x00,0x00,0x00,0x00,0x00,0x00,0x00,0x00,0x00,/*"7",23*/
	0x00,0x00,0x00,0x00,0x00,0x00,0x00,0x00,0x00,0x00,0x00,0x00,0xE0,0x07,0x30,0x0C,0x18,0x18,0x0C,0x30,0x0C,0x30,0x0C,0x30,0x1C,0x30,0x1C,0x10,0x78,0x18,0xF0,0x04,0xE0,0x03,0x18,0x0F,0x0C,0x1E,0x0C,0x1C,0x06,0x38,0x06,0x30,0x06,0x30,0x06,0x30,0x06,0x30,0x0C,0x18,0x18,0x0C,0xE0,0x03,0x00,0x00,0x00,0x00,0x00,0x00,0x00,0x00,/*"8",24*/
	0x00,0x00,0x00,0x00,0x00,0x00,0x00,0x00,0x00,0x00,0x00,0x00,0xE0,0x03,0x18,0x04,0x0C,0x08,0x0C,0x18,0x06,0x10,0x06,0x30,0x06,0x30,0x06,0x30,0x06,0x30,0x06,0x30,0x0E,0x38,0x0C,0x34,0x18,0x36,0xF0,0x31,0x00,0x30,0x00,0x18,0x00,0x18,0x00,0x08,0x0C,0x0C,0x0C,0x06,0x0C,0x03,0xF0,0x01,0x00,0x00,0x00,0x00,0x00,0x00,0x00,0x00,/*"9",25*/
	0x00,0x00,0x00,0x00,0x00,0x00,0x00,0x00,0x00,0x00,0x00,0x00,0x00,0x00,0x00,0x00,0x00,0x00,0x00,0x00,0x00,0x00,0x00,0x00,0x00,0x00,0x80,0x01,0xC0,0x03,0xC0,0x03,0x80,0x01,0x00,0x00,0x00,0x00,0x00,0x00,0x00,0x00,0x00,0x00,0x00,0x00,0x00,0x00,0x80,0x01,0xC0,0x03,0xC0,0x03,0x80,0x01,0x00,0x00,0x00,0x00,0x00,0x00,0x00,0x00,/*":",26*/
	0x00,0x00,0x00,0x00,0x00,0x00,0x00,0x00,0x00,0x00,0x00,0x00,0x00,0x00,0x00,0x00,0x00,0x00,0x00,0x00,0x00,0x00,0x00,0x00,0x00,0x00,0x00,0x00,0xC0,0x01,0xC0,0x01,0xC0,0x01,0x00,0x00,0x00,0x00,0x00,0x00,0x00,0x00,0x00,0x00,0x00,0x00,0x00,0x00,0x00,0x00,0xC0,0x01,0xC0,0x01,0xC0,0x01,0x80,0x01,0xC0,0x00,0xC0,0x00,0x00,0x00,/*";",27*/
	0x00,0x00,0x00,0x00,0x00,0x00,0x00,0x00,0x00,0x00,0x00,0x00,0x00,0x20,0x00,0x10,0x00,0x08,0x00,0x04,0x00,0x02,0x00,0x01,0x80,0x00,0x40,0x00,0x20,0x00,0x10,0x00,0x08,0x00,0x08,0x00,0x10,0x00,0x20,0x00,0x40,0x00,0x80,0x00,0x00,0x01,0x00,0x02,0x00,0x04,0x00,0x08,0x00,0x10,0x00,0x20,0x00,0x00,0x00,0x00,0x00,0x00,0x00,0x00,/*"<",28*/
	0x00,0x00,0x00,0x00,0x00,0x00,0x00,0x00,0x00,0x00,0x00,0x00,0x00,0x00,0x00,0x00,0x00,0x00,0x00,0x00,0x00,0x00,0x00,0x00,0x00,0x00,0xFE,0x7F,0x00,0x00,0x00,0x00,0x00,0x00,0x00,0x00,0x00,0x00,0xFE,0x7F,0x00,0x00,0x00,0x00,0x00,0x00,0x00,0x00,0x00,0x00,0x00,0x00,0x00,0x00,0x00,0x00,0x00,0x00,0x00,0x00,0x00,0x00,0x00,0x00,/*"=",29*/
	0x00,0x00,0x00,0x00,0x00,0x00,0x00,0x00,0x00,0x00,0x00,0x00,0x04,0x00,0x08,0x00,0x10,0x00,0x20,0x00,0x40,0x00,0x80,0x00,0x00,0x01,0x00,0x02,0x00,0x04,0x00,0x08,0x00,0x10,0x00,0x10,0x00,0x08,0x00,0x04,0x00,0x02,0x00,0x01,0x80,0x00,0x40,0x00,0x20,0x00,0x10,0x00,0x08,0x00,0x04,0x00,0x00,0x00,0x00,0x00,0x00,0x00,0x00,0x00,/*">",30*/
	0x00,0x00,0x00,0x00,0x00,0x00,0x00,0x00,0x00,0x00,0x00,0x00,0xC0,0x07,0x30,0x18,0x18,0x30,0x08,0x60,0x0C,0x60,0x1C,0x60,0x1C,0x60,0x1C,0x60,0x00,0x30,0x00,0x18,0x00,0x0E,0x00,0x03,0x00,0x01,0x00,0x01,0x00,0x01,0x00,0x01,0x00,0x00,0x00,0x00,0x80,0x01,0xC0,0x03,0xC0,0x03,0x80,0x01,0x00,0x00,0x00,0x00,0x00,0x00,0x00,0x00,/*"?",31*/
	0x00,0x00,0x00,0x00,0x00,0x00,0x00,0x00,0x00,0x00,0x00,0x00,0xC0,0x07,0x60,0x08,0x30,0x10,0x18,0x20,0x0C,0x2B,0x8C,0x4D,0x84,0x4C,0xC6,0x4C,0xC6,0x44,0x66,0x44,0x66,0x44,0x66,0x44,0x66,0x46,0x66,0x26,0x66,0x26,0x64,0x17,0xCC,0x0C,0x0C,0x40,0x08,0x20,0x18,0x30,0x30,0x18,0xC0,0x07,0x00,0x00,0x00,0x00,0x00,0x00,0x00,0x00,/*"@",32*/
	0x00,0x00,0x00,0x00,0x00,0x00,0x00,0x00,0x00,0x00,0x00,0x00,0xC0,0x01,0xC0,0x01,0xC0,0x01,0xC0,0x01,0x20,0x03,0x20,0x03,0x20,0x03,0x20,0x03,0x30,0x02,0x10,0x06,0x10,0x06,0x10,0x06,0x10,0x04,0xF8,0x0F,0x08,0x0C,0x08,0x0C,0x08,0x0C,0x04,0x18,0x04,0x18,0x04,0x18,0x06,0x38,0x1F,0x7C,0x00,0x00,0x00,0x00,0x00,0x00,0x00,0x00,/*"A",33*/
	0x00,0x00,0x00,0x00,0x00,0x00,0x00,0x00,0x00,0x00,0x00,0x00,0xFE,0x07,0x18,0x1C,0x18,0x18,0x18,0x30,0x18,0x30,0x18,0x30,0x18,0x30,0x18,0x30,0x18,0x18,0x18,0x0C,0xF8,0x07,0x18,0x18,0x18,0x30,0x18,0x20,0x18,0x60,0x18,0x60,0x18,0x60,0x18,0x60,0x18,0x60,0x18,0x30,0x18,0x18,0xFE,0x0F,0x00,0x00,0x00,0x00,0x00,0x00,0x00,0x00,/*"B",34*/
	0x00,0x00,0x00,0x00,0x00,0x00,0x00,0x00,0x00,0x00,0x00,0x00,0xC0,0x07,0x60,0x38,0x10,0x30,0x18,0x60,0x0C,0x40,0x0C,0x40,0x0C,0x00,0x06,0x00,0x06,0x00,0x06,0x00,0x06,0x00,0x06,0x00,0x06,0x00,0x06,0x00,0x06,0x00,0x06,0x00,0x0C,0x40,0x0C,0x40,0x08,0x20,0x18,0x10,0x30,0x08,0xC0,0x07,0x00,0x00,0x00,0x00,0x00,0x00,0x00,0x00,/*"C",35*/
	0x00,0x00,0x00,0x00,0x00,0x00,0x00,0x00,0x00,0x00,0x00,0x00,0xFE,0x03,0x18,0x0E,0x18,0x18,0x18,0x10,0x18,0x30,0x18,0x30,0x18,0x60,0x18,0x60,0x18,0x60,0x18,0x60,0x18,0x60,0x18,0x60,0x18,0x60,0x18,0x60,0x18,0x60,0x18,0x20,0x18,0x30,0x18,0x30,0x18,0x18,0x18,0x18,0x18,0x06,0xFE,0x03,0x00,0x00,0x00,0x00,0x00,0x00,0x00,0x00,/*"D",36*/
	0x00,0x00,0x00,0x00,0x00,0x00,0x00,0x00,0x00,0x00,0x00,0x00,0xFE,0x3F,0x18,0x30,0x18,0x20,0x18,0x40,0x18,0x40,0x18,0x00,0x18,0x00,0x18,0x08,0x18,0x08,0x18,0x0C,0xF8,0x0F,0x18,0x0C,0x18,0x08,0x18,0x08,0x18,0x00,0x18,0x00,0x18,0x00,0x18,0x40,0x18,0x40,0x18,0x20,0x18,0x30,0xFE,0x3F,0x00,0x00,0x00,0x00,0x00,0x00,0x00,0x00,/*"E",37*/
	0x00,0x00,0x00,0x00,0x00,0x00,0x00,0x00,0x00,0x00,0x00,0x00,0xFE,0x3F,0x18,0x38,0x18,0x20,0x18,0x40,0x18,0x40,0x18,0x00,0x18,0x00,0x18,0x08,0x18,0x08,0x18,0x0C,0xF8,0x0F,0x18,0x0C,0x18,0x08,0x18,0x08,0x18,0x08,0x18,0x00,0x18,0x00,0x18,0x00,0x18,0x00,0x18,0x00,0x18,0x00,0x7E,0x00,0x00,0x00,0x00,0x00,0x00,0x00,0x00,0x00,/*"F",38*/
	0x00,0x00,0x00,0x00,0x00,0x00,0x00,0x00,0x00,0x00,0x00,0x00,0xC0,0x03,0x30,0x0C,0x10,0x08,0x18,0x18,0x0C,0x10,0x0C,0x10,0x04,0x00,0x06,0x00,0x06,0x00,0x06,0x00,0x06,0x00,0x06,0x00,0x06,0x7E,0x06,0x18,0x06,0x18,0x04,0x18,0x0C,0x18,0x0C,0x18,0x08,0x18,0x18,0x18,0x30,0x04,0xE0,0x03,0x00,0x00,0x00,0x00,0x00,0x00,0x00,0x00,/*"G",39*/
	0x00,0x00,0x00,0x00,0x00,0x00,0x00,0x00,0x00,0x00,0x00,0x00,0x3F,0xFC,0x0C,0x30,0x0C,0x30,0x0C,0x30,0x0C,0x30,0x0C,0x30,0x0C,0x30,0x0C,0x30,0x0C,0x30,0x0C,0x30,0xFC,0x3F,0x0C,0x30,0x0C,0x30,0x0C,0x30,0x0C,0x30,0x0C,0x30,0x0C,0x30,0x0C,0x30,0x0C,0x30,0x0C,0x30,0x0C,0x30,0x3F,0xFC,0x00,0x00,0x00,0x00,0x00,0x00,0x00,0x00,/*"H",40*/
	0x00,0x00,0x00,0x00,0x00,0x00,0x00,0x00,0x00,0x00,0x00,0x00,0xF8,0x1F,0x80,0x01,0x80,0x01,0x80,0x01,0x80,0x01,0x80,0x01,0x80,0x01,0x80,0x01,0x80,0x01,0x80,0x01,0x80,0x01,0x80,0x01,0x80,0x01,0x80,0x01,0x80,0x01,0x80,0x01,0x80,0x01,0x80,0x01,0x80,0x01,0x80,0x01,0x80,0x01,0xF8,0x1F,0x00,0x00,0x00,0x00,0x00,0x00,0x00,0x00,/*"I",41*/
	0x00,0x00,0x00,0x00,0x00,0x00,0x00,0x00,0x00,0x00,0x00,0x00,0xE0,0x7F,0x00,0x06,0x00,0x06,0x00,0x06,0x00,0x06,0x00,0x06,0x00,0x06,0x00,0x06,0x00,0x06,0x00,0x06,0x00,0x06,0x00,0x06,0x00,0x06,0x00,0x06,0x00,0x06,0x00,0x06,0x00,0x06,0x00,0x06,0x00,0x06,0x00,0x06,0x00,0x06,0x00,0x06,0x0E,0x06,0x0E,0x03,0x8E,0x01,0xFC,0x00,/*"J",42*/
	0x00,0x00,0x00,0x00,0x00,0x00,0x00,0x00,0x00,0x00,0x00,0x00,0x7E,0x3E,0x18,0x0C,0x18,0x04,0x18,0x06,0x18,0x02,0x18,0x01,0x18,0x01,0x98,0x00,0x98,0x00,0xD8,0x00,0xB8,0x01,0xB8,0x01,0x18,0x03,0x18,0x03,0x18,0x06,0x18,0x06,0x18,0x0C,0x18,0x0C,0x18,0x0C,0x18,0x18,0x18,0x18,0x7E,0x7C,0x00,0x00,0x00,0x00,0x00,0x00,0x00,0x00,/*"K",43*/
	0x00,0x00,0x00,0x00,0x00,0x00,0x00,0x00,0x00,0x00,0x00,0x00,0x7E,0x00,0x18,0x00,0x18,0x00,0x18,0x00,0x18,0x00,0x18,0x00,0x18,0x00,0x18,0x00,0x18,0x00,0x18,0x00,0x18,0x00,0x18,0x00,0x18,0x00,0x18,0x00,0x18,0x00,0x18,0x00,0x18,0x00,0x18,0x40,0x18,0x40,0x18,0x20,0x18,0x30,0xFE,0x3F,0x00,0x00,0x00,0x00,0x00,0x00,0x00,0x00,/*"L",44*/
	0x00,0x00,0x00,0x00,0x00,0x00,0x00,0x00,0x00,0x00,0x00,0x00,0x0F,0xF0,0x1C,0x38,0x1C,0x38,0x1C,0x38,0x1C,0x38,0x1C,0x34,0x34,0x34,0x34,0x34,0x34,0x34,0x34,0x32,0x34,0x32,0x64,0x32,0x64,0x32,0x64,0x32,0x64,0x31,0x44,0x31,0xC4,0x31,0xC4,0x31,0xC4,0x30,0xC4,0x30,0x84,0x30,0x8F,0xFC,0x00,0x00,0x00,0x00,0x00,0x00,0x00,0x00,/*"M",45*/
	0x00,0x00,0x00,0x00,0x00,0x00,0x00,0x00,0x00,0x00,0x00,0x00,0x0F,0xF8,0x1C,0x20,0x1C,0x20,0x34,0x20,0x34,0x20,0x64,0x20,0x64,0x20,0xC4,0x20,0xC4,0x20,0x84,0x21,0x84,0x21,0x04,0x23,0x04,0x23,0x04,0x26,0x04,0x26,0x04,0x2C,0x04,0x2C,0x04,0x38,0x04,0x38,0x04,0x30,0x04,0x30,0x1F,0x20,0x00,0x00,0x00,0x00,0x00,0x00,0x00,0x00,/*"N",46*/
	0x00,0x00,0x00,0x00,0x00,0x00,0x00,0x00,0x00,0x00,0x00,0x00,0xC0,0x03,0x30,0x0C,0x18,0x18,0x08,0x10,0x0C,0x30,0x0C,0x30,0x06,0x20,0x06,0x60,0x06,0x60,0x06,0x60,0x06,0x60,0x06,0x60,0x06,0x60,0x06,0x60,0x06,0x60,0x04,0x60,0x0C,0x30,0x0C,0x30,0x08,0x10,0x18,0x18,0x30,0x0C,0xC0,0x03,0x00,0x00,0x00,0x00,0x00,0x00,0x00,0x00,/*"O",47*/
	0x00,0x00,0x00,0x00,0x00,0x00,0x00,0x00,0x00,0x00,0x00,0x00,0xFE,0x0F,0x18,0x18,0x18,0x30,0x18,0x60,0x18,0x60,0x18,0x60,0x18,0x60,0x18,0x60,0x18,0x60,0x18,0x30,0x18,0x18,0xF8,0x07,0x18,0x00,0x18,0x00,0x18,0x00,0x18,0x00,0x18,0x00,0x18,0x00,0x18,0x00,0x18,0x00,0x18,0x00,0x7E,0x00,0x00,0x00,0x00,0x00,0x00,0x00,0x00,0x00,/*"P",48*/
	0x00,0x00,0x00,0x00,0x00,0x00,0x00,0x00,0x00,0x00,0x00,0x00,0xC0,0x03,0x30,0x0C,0x18,0x18,0x08,0x10,0x0C,0x30,0x0C,0x30,0x06,0x60,0x06,0x60,0x06,0x60,0x06,0x60,0x06,0x60,0x06,0x60,0x06,0x60,0x06,0x60,0x06,0x60,0x06,0x60,0xE4,0x21,0x1C,0x33,0x1C,0x36,0x18,0x1E,0x30,0x0E,0xC0,0x07,0x00,0x4C,0x00,0x3C,0x00,0x38,0x00,0x00,/*"Q",49*/
	0x00,0x00,0x00,0x00,0x00,0x00,0x00,0x00,0x00,0x00,0x00,0x00,0xFE,0x07,0x18,0x1C,0x18,0x18,0x18,0x30,0x18,0x30,0x18,0x30,0x18,0x30,0x18,0x30,0x18,0x18,0x18,0x0C,0xF8,0x07,0x18,0x03,0x18,0x03,0x18,0x06,0x18,0x06,0x18,0x06,0x18,0x0C,0x18,0x0C,0x18,0x0C,0x18,0x18,0x18,0x18,0x7E,0x78,0x00,0x00,0x00,0x00,0x00,0x00,0x00,0x00,/*"R",50*/
	0x00,0x00,0x00,0x00,0x00,0x00,0x00,0x00,0x00,0x00,0x00,0x00,0xF0,0x13,0x18,0x1E,0x0C,0x18,0x06,0x18,0x06,0x10,0x06,0x10,0x06,0x00,0x0E,0x00,0x3C,0x00,0xF8,0x00,0xE0,0x03,0x80,0x0F,0x00,0x1E,0x00,0x18,0x00,0x38,0x02,0x30,0x02,0x30,0x06,0x30,0x04,0x30,0x0C,0x18,0x1C,0x0C,0xE4,0x07,0x00,0x00,0x00,0x00,0x00,0x00,0x00,0x00,/*"S",51*/
	0x00,0x00,0x00,0x00,0x00,0x00,0x00,0x00,0x00,0x00,0x00,0x00,0xFC,0x3F,0x8C,0x21,0x84,0x61,0x82,0x41,0x82,0x41,0x80,0x01,0x80,0x01,0x80,0x01,0x80,0x01,0x80,0x01,0x80,0x01,0x80,0x01,0x80,0x01,0x80,0x01,0x80,0x01,0x80,0x01,0x80,0x01,0x80,0x01,0x80,0x01,0x80,0x01,0x80,0x01,0xE0,0x07,0x00,0x00,0x00,0x00,0x00,0x00,0x00,0x00,/*"T",52*/
	0x00,0x00,0x00,0x00,0x00,0x00,0x00,0x00,0x00,0x00,0x00,0x00,0x3F,0x7C,0x0C,0x10,0x0C,0x10,0x0C,0x10,0x0C,0x10,0x0C,0x10,0x0C,0x10,0x0C,0x10,0x0C,0x10,0x0C,0x10,0x0C,0x10,0x0C,0x10,0x0C,0x10,0x0C,0x10,0x0C,0x10,0x0C,0x10,0x0C,0x10,0x0C,0x10,0x0C,0x10,0x18,0x08,0x38,0x04,0xE0,0x03,0x00,0x00,0x00,0x00,0x00,0x00,0x00,0x00,/*"U",53*/
	0x00,0x00,0x00,0x00,0x00,0x00,0x00,0x00,0x00,0x00,0x00,0x00,0x3E,0x78,0x18,0x30,0x18,0x10,0x18,0x10,0x18,0x10,0x30,0x08,0x30,0x08,0x30,0x08,0x30,0x08,0x30,0x04,0x60,0x04,0x60,0x04,0x60,0x04,0x60,0x02,0xC0,0x02,0xC0,0x02,0xC0,0x02,0xC0,0x01,0x80,0x01,0x80,0x01,0x80,0x00,0x80,0x00,0x00,0x00,0x00,0x00,0x00,0x00,0x00,0x00,/*"V",54*/
	0x00,0x00,0x00,0x00,0x00,0x00,0x00,0x00,0x00,0x00,0x00,0x00,0xCF,0xF3,0x86,0x61,0x86,0x21,0x84,0x21,0x04,0x21,0x0C,0x23,0x8C,0x23,0x8C,0x23,0x8C,0x13,0x8C,0x13,0x88,0x13,0x48,0x12,0x58,0x16,0x58,0x16,0x58,0x0E,0x38,0x0E,0x30,0x0E,0x30,0x0E,0x30,0x0C,0x30,0x04,0x10,0x04,0x10,0x04,0x00,0x00,0x00,0x00,0x00,0x00,0x00,0x00,/*"W",55*/
	0x00,0x00,0x00,0x00,0x00,0x00,0x00,0x00,0x00,0x00,0x00,0x00,0x3E,0x7C,0x18,0x10,0x18,0x08,0x30,0x08,0x30,0x04,0x60,0x04,0x60,0x02,0xC0,0x02,0xC0,0x01,0x80,0x01,0x80,0x01,0x80,0x01,0x80,0x03,0x40,0x03,0x40,0x06,0x20,0x06,0x20,0x0E,0x10,0x0C,0x10,0x0C,0x18,0x18,0x08,0x38,0x3E,0x7C,0x00,0x00,0x00,0x00,0x00,0x00,0x00,0x00,/*"X",56*/
	0x00,0x00,0x00,0x00,0x00,0x00,0x00,0x00,0x00,0x00,0x00,0x00,0x7E,0x7C,0x1C,0x10,0x18,0x10,0x18,0x08,0x30,0x08,0x30,0x08,0x30,0x04,0x60,0x04,0x60,0x04,0xC0,0x02,0xC0,0x02,0xC0,0x01,0x80,0x01,0x80,0x01,0x80,0x01,0x80,0x01,0x80,0x01,0x80,0x01,0x80,0x01,0x80,0x01,0x80,0x01,0xE0,0x07,0x00,0x00,0x00,0x00,0x00,0x00,0x00,0x00,/*"Y",57*/
	0x00,0x00,0x00,0x00,0x00,0x00,0x00,0x00,0x00,0x00,0x00,0x00,0xF8,0x7F,0x38,0x30,0x18,0x30,0x0C,0x18,0x04,0x18,0x00,0x0C,0x00,0x06,0x00,0x06,0x00,0x03,0x00,0x03,0x80,0x01,0x80,0x01,0xC0,0x00,0xC0,0x00,0x60,0x00,0x60,0x00,0x30,0x00,0x18,0x40,0x18,0x60,0x0C,0x20,0x0C,0x38,0xFE,0x3F,0x00,0x00,0x00,0x00,0x00,0x00,0x00,0x00,/*"Z",58*/
	0x00,0x00,0x00,0x00,0x00,0x00,0xC0,0x3F,0xC0,0x00,0xC0,0x00,0xC0,0x00,0xC0,0x00,0xC0,0x00,0xC0,0x00,0xC0,0x00,0xC0,0x00,0xC0,0x00,0xC0,0x00,0xC0,0x00,0xC0,0x00,0xC0,0x00,0xC0,0x00,0xC0,0x00,0xC0,0x00,0xC0,0x00,0xC0,0x00,0xC0,0x00,0xC0,0x00,0xC0,0x00,0xC0,0x00,0xC0,0x00,0xC0,0x00,0xC0,0x00,0xC0,0x3F,0x00,0x00,0x00,0x00,/*"[",59*/
	0x00,0x00,0x00,0x00,0x00,0x00,0x00,0x00,0x00,0x00,0x18,0x00,0x18,0x00,0x10,0x00,0x30,0x00,0x20,0x00,0x60,0x00,0x60,0x00,0x40,0x00,0xC0,0x00,0x80,0x00,0x80,0x01,0x80,0x01,0x00,0x01,0x00,0x03,0x00,0x02,0x00,0x06,0x00,0x06,0x00,0x0C,0x00,0x0C,0x00,0x0C,0x00,0x18,0x00,0x18,0x00,0x30,0x00,0x30,0x00,0x30,0x00,0x60,0x00,0x00,/*"\",60*/
	0x00,0x00,0x00,0x00,0x00,0x00,0xFC,0x03,0x00,0x03,0x00,0x03,0x00,0x03,0x00,0x03,0x00,0x03,0x00,0x03,0x00,0x03,0x00,0x03,0x00,0x03,0x00,0x03,0x00,0x03,0x00,0x03,0x00,0x03,0x00,0x03,0x00,0x03,0x00,0x03,0x00,0x03,0x00,0x03,0x00,0x03,0x00,0x03,0x00,0x03,0x00,0x03,0x00,0x03,0x00,0x03,0x00,0x03,0xFC,0x03,0x00,0x00,0x00,0x00,/*"]",61*/
	0x00,0x00,0x00,0x00,0xC0,0x03,0xC0,0x07,0x60,0x04,0x10,0x08,0x00,0x00,0x00,0x00,0x00,0x00,0x00,0x00,0x00,0x00,0x00,0x00,0x00,0x00,0x00,0x00,0x00,0x00,0x00,0x00,0x00,0x00,0x00,0x00,0x00,0x00,0x00,0x00,0x00,0x00,0x00,0x00,0x00,0x00,0x00,0x00,0x00,0x00,0x00,0x00,0x00,0x00,0x00,0x00,0x00,0x00,0x00,0x00,0x00,0x00,0x00,0x00,/*"^",62*/
	0x00,0x00,0x00,0x00,0x00,0x00,0x00,0x00,0x00,0x00,0x00,0x00,0x00,0x00,0x00,0x00,0x00,0x00,0x00,0x00,0x00,0x00,0x00,0x00,0x00,0x00,0x00,0x00,0x00,0x00,0x00,0x00,0x00,0x00,0x00,0x00,0x00,0x00,0x00,0x00,0x00,0x00,0x00,0x00,0x00,0x00,0x00,0x00,0x00,0x00,0x00,0x00,0x00,0x00,0x00,0x00,0x00,0x00,0x00,0x00,0x00,0x00,0xFF,0xFF,/*"_",63*/
	0x00,0x00,0x00,0x00,0x78,0x00,0xC0,0x00,0x00,0x01,0x00,0x00,0x00,0x00,0x00,0x00,0x00,0x00,0x00,0x00,0x00,0x00,0x00,0x00,0x00,0x00,0x00,0x00,0x00,0x00,0x00,0x00,0x00,0x00,0x00,0x00,0x00,0x00,0x00,0x00,0x00,0x00,0x00,0x00,0x00,0x00,0x00,0x00,0x00,0x00,0x00,0x00,0x00,0x00,0x00,0x00,0x00,0x00,0x00,0x00,0x00,0x00,0x00,0x00,/*"`",64*/
	0x00,0x00,0x00,0x00,0x00,0x00,0x00,0x00,0x00,0x00,0x00,0x00,0x00,0x00,0x00,0x00,0x00,0x00,0x00,0x00,0x00,0x00,0x00,0x00,0x00,0x00,0xE0,0x07,0x18,0x0C,0x0C,0x18,0x0C,0x18,0x0C,0x18,0x00,0x1C,0xE0,0x1B,0x38,0x18,0x0C,0x18,0x06,0x18,0x06,0x18,0x06,0x18,0x06,0x98,0x0C,0x9E,0xF8,0x71,0x00,0x00,0x00,0x00,0x00,0x00,0x00,0x00,/*"a",65*/
	0x00,0x00,0x00,0x00,0x00,0x00,0x00,0x00,0x00,0x00,0x10,0x00,0x1E,0x00,0x18,0x00,0x18,0x00,0x18,0x00,0x18,0x00,0x18,0x00,0x18,0x00,0x98,0x07,0x58,0x1C,0x38,0x18,0x38,0x30,0x18,0x30,0x18,0x30,0x18,0x30,0x18,0x30,0x18,0x30,0x18,0x30,0x18,0x30,0x18,0x10,0x38,0x18,0x38,0x0C,0xC8,0x07,0x00,0x00,0x00,0x00,0x00,0x00,0x00,0x00,/*"b",66*/
	0x00,0x00,0x00,0x00,0x00,0x00,0x00,0x00,0x00,0x00,0x00,0x00,0x00,0x00,0x00,0x00,0x00,0x00,0x00,0x00,0x00,0x00,0x00,0x00,0x00,0x00,0xC0,0x07,0x70,0x08,0x30,0x18,0x18,0x18,0x0C,0x18,0x0C,0x00,0x0C,0x00,0x0C,0x00,0x0C,0x00,0x0C,0x00,0x0C,0x20,0x18,0x20,0x18,0x10,0x30,0x08,0xC0,0x07,0x00,0x00,0x00,0x00,0x00,0x00,0x00,0x00,/*"c",67*/
	0x00,0x00,0x00,0x00,0x00,0x00,0x00,0x00,0x00,0x00,0x00,0x10,0x00,0x1E,0x00,0x18,0x00,0x18,0x00,0x18,0x00,0x18,0x00,0x18,0x00,0x18,0xE0,0x1B,0x30,0x1C,0x18,0x18,0x18,0x18,0x0C,0x18,0x0C,0x18,0x0C,0x18,0x0C,0x18,0x0C,0x18,0x0C,0x18,0x0C,0x18,0x08,0x18,0x18,0x1C,0x30,0x7A,0xE0,0x09,0x00,0x00,0x00,0x00,0x00,0x00,0x00,0x00,/*"d",68*/
	0x00,0x00,0x00,0x00,0x00,0x00,0x00,0x00,0x00,0x00,0x00,0x00,0x00,0x00,0x00,0x00,0x00,0x00,0x00,0x00,0x00,0x00,0x00,0x00,0x00,0x00,0xC0,0x03,0x30,0x0C,0x10,0x18,0x18,0x10,0x0C,0x30,0x0C,0x30,0x0C,0x30,0xFC,0x3F,0x0C,0x00,0x0C,0x00,0x0C,0x00,0x18,0x20,0x18,0x10,0x70,0x18,0xC0,0x07,0x00,0x00,0x00,0x00,0x00,0x00,0x00,0x00,/*"e",69*/
	0x00,0x00,0x00,0x00,0x00,0x00,0x00,0x00,0x00,0x00,0x00,0x00,0x00,0x3E,0x80,0x61,0x80,0x60,0xC0,0x60,0xC0,0x00,0xC0,0x00,0xC0,0x00,0xFC,0x1F,0xC0,0x00,0xC0,0x00,0xC0,0x00,0xC0,0x00,0xC0,0x00,0xC0,0x00,0xC0,0x00,0xC0,0x00,0xC0,0x00,0xC0,0x00,0xC0,0x00,0xC0,0x00,0xC0,0x00,0xF8,0x0F,0x00,0x00,0x00,0x00,0x00,0x00,0x00,0x00,/*"f",70*/
	0x00,0x00,0x00,0x00,0x00,0x00,0x00,0x00,0x00,0x00,0x00,0x00,0x00,0x00,0x00,0x00,0x00,0x00,0x00,0x00,0x00,0x00,0x00,0x00,0x00,0x00,0xC0,0x77,0x30,0x6C,0x10,0x18,0x18,0x18,0x18,0x18,0x18,0x18,0x10,0x18,0x30,0x0C,0xF0,0x07,0x18,0x00,0x18,0x00,0xF8,0x03,0xF0,0x1F,0x18,0x38,0x0C,0x30,0x0C,0x30,0x0C,0x30,0x18,0x18,0xE0,0x07,/*"g",71*/
	0x00,0x00,0x00,0x00,0x00,0x00,0x00,0x00,0x00,0x00,0x10,0x00,0x1E,0x00,0x18,0x00,0x18,0x00,0x18,0x00,0x18,0x00,0x18,0x00,0x18,0x00,0x98,0x07,0x58,0x0C,0x38,0x18,0x18,0x18,0x18,0x18,0x18,0x18,0x18,0x18,0x18,0x18,0x18,0x18,0x18,0x18,0x18,0x18,0x18,0x18,0x18,0x18,0x18,0x18,0x7E,0x7E,0x00,0x00,0x00,0x00,0x00,0x00,0x00,0x00,/*"h",72*/
	0x00,0x00,0x00,0x00,0x00,0x00,0x00,0x00,0x00,0x00,0x00,0x00,0x80,0x01,0xC0,0x03,0x80,0x01,0x00,0x00,0x00,0x00,0x00,0x00,0x00,0x01,0xF8,0x01,0x80,0x01,0x80,0x01,0x80,0x01,0x80,0x01,0x80,0x01,0x80,0x01,0x80,0x01,0x80,0x01,0x80,0x01,0x80,0x01,0x80,0x01,0x80,0x01,0x80,0x01,0xF8,0x1F,0x00,0x00,0x00,0x00,0x00,0x00,0x00,0x00,/*"i",73*/
	0x00,0x00,0x00,0x00,0x00,0x00,0x00,0x00,0x00,0x00,0x00,0x00,0x00,0x1C,0x00,0x1E,0x00,0x0C,0x00,0x00,0x00,0x00,0x00,0x00,0x00,0x08,0xC0,0x0F,0x00,0x0C,0x00,0x0C,0x00,0x0C,0x00,0x0C,0x00,0x0C,0x00,0x0C,0x00,0x0C,0x00,0x0C,0x00,0x0C,0x00,0x0C,0x00,0x0C,0x00,0x0C,0x00,0x0C,0x00,0x0C,0x00,0x0C,0x18,0x06,0x18,0x02,0xF0,0x01,/*"j",74*/
	0x00,0x00,0x00,0x00,0x00,0x00,0x00,0x00,0x00,0x00,0x10,0x00,0x1E,0x00,0x18,0x00,0x18,0x00,0x18,0x00,0x18,0x00,0x18,0x00,0x18,0x00,0x18,0x3E,0x18,0x0C,0x18,0x04,0x18,0x02,0x18,0x01,0x98,0x01,0xD8,0x01,0x78,0x03,0x38,0x03,0x18,0x06,0x18,0x0C,0x18,0x0C,0x18,0x18,0x18,0x38,0x7E,0x7C,0x00,0x00,0x00,0x00,0x00,0x00,0x00,0x00,/*"k",75*/
	0x00,0x00,0x00,0x00,0x00,0x00,0x00,0x00,0x00,0x00,0x00,0x01,0xF8,0x01,0x80,0x01,0x80,0x01,0x80,0x01,0x80,0x01,0x80,0x01,0x80,0x01,0x80,0x01,0x80,0x01,0x80,0x01,0x80,0x01,0x80,0x01,0x80,0x01,0x80,0x01,0x80,0x01,0x80,0x01,0x80,0x01,0x80,0x01,0x80,0x01,0x80,0x01,0x80,0x01,0xF8,0x1F,0x00,0x00,0x00,0x00,0x00,0x00,0x00,0x00,/*"l",76*/
	0x00,0x00,0x00,0x00,0x00,0x00,0x00,0x00,0x00,0x00,0x00,0x00,0x00,0x00,0x00,0x00,0x00,0x00,0x00,0x00,0x00,0x00,0x00,0x00,0x04,0x00,0xF7,0x3C,0x8E,0x63,0x86,0x61,0x86,0x61,0x86,0x61,0x86,0x61,0x86,0x61,0x86,0x61,0x86,0x61,0x86,0x61,0x86,0x61,0x86,0x61,0x86,0x61,0x86,0x61,0xCF,0xF3,0x00,0x00,0x00,0x00,0x00,0x00,0x00,0x00,/*"m",77*/
	0x00,0x00,0x00,0x00,0x00,0x00,0x00,0x00,0x00,0x00,0x00,0x00,0x00,0x00,0x00,0x00,0x00,0x00,0x00,0x00,0x00,0x00,0x00,0x00,0x00,0x00,0x90,0x07,0x5E,0x0C,0x38,0x18,0x18,0x18,0x18,0x18,0x18,0x18,0x18,0x18,0x18,0x18,0x18,0x18,0x18,0x18,0x18,0x18,0x18,0x18,0x18,0x18,0x18,0x18,0x7E,0x7E,0x00,0x00,0x00,0x00,0x00,0x00,0x00,0x00,/*"n",78*/
	0x00,0x00,0x00,0x00,0x00,0x00,0x00,0x00,0x00,0x00,0x00,0x00,0x00,0x00,0x00,0x00,0x00,0x00,0x00,0x00,0x00,0x00,0x00,0x00,0x00,0x00,0xC0,0x03,0x30,0x0C,0x10,0x18,0x18,0x18,0x08,0x30,0x0C,0x30,0x0C,0x30,0x0C,0x30,0x0C,0x30,0x0C,0x30,0x0C,0x30,0x18,0x18,0x18,0x18,0x30,0x0C,0xC0,0x03,0x00,0x00,0x00,0x00,0x00,0x00,0x00,0x00,/*"o",79*/
	0x00,0x00,0x00,0x00,0x00,0x00,0x00,0x00,0x00,0x00,0x00,0x00,0x00,0x00,0x00,0x00,0x00,0x00,0x00,0x00,0x00,0x00,0x00,0x00,0x00,0x00,0x90,0x07,0x5E,0x0C,0x38,0x18,0x18,0x10,0x18,0x30,0x18,0x30,0x18,0x30,0x18,0x30,0x18,0x30,0x18,0x30,0x18,0x30,0x18,0x18,0x38,0x18,0x78,0x0C,0x98,0x07,0x18,0x00,0x18,0x00,0x18,0x00,0x7E,0x00,/*"p",80*/
	0x00,0x00,0x00,0x00,0x00,0x00,0x00,0x00,0x00,0x00,0x00,0x00,0x00,0x00,0x00,0x00,0x00,0x00,0x00,0x00,0x00,0x00,0x00,0x00,0x00,0x00,0xC0,0x13,0x30,0x1E,0x18,0x1C,0x18,0x18,0x0C,0x18,0x0C,0x18,0x0C,0x18,0x0C,0x18,0x0C,0x18,0x0C,0x18,0x0C,0x18,0x08,0x18,0x18,0x1C,0x30,0x1E,0xE0,0x19,0x00,0x18,0x00,0x18,0x00,0x18,0x00,0x7E,/*"q",81*/
	0x00,0x00,0x00,0x00,0x00,0x00,0x00,0x00,0x00,0x00,0x00,0x00,0x00,0x00,0x00,0x00,0x00,0x00,0x00,0x00,0x00,0x00,0x00,0x00,0x00,0x00,0x60,0x38,0x7E,0x66,0x60,0x61,0xE0,0x01,0xE0,0x00,0x60,0x00,0x60,0x00,0x60,0x00,0x60,0x00,0x60,0x00,0x60,0x00,0x60,0x00,0x60,0x00,0x60,0x00,0xFE,0x07,0x00,0x00,0x00,0x00,0x00,0x00,0x00,0x00,/*"r",82*/
	0x00,0x00,0x00,0x00,0x00,0x00,0x00,0x00,0x00,0x00,0x00,0x00,0x00,0x00,0x00,0x00,0x00,0x00,0x00,0x00,0x00,0x00,0x00,0x00,0x00,0x00,0xC0,0x27,0x60,0x38,0x30,0x30,0x30,0x20,0x30,0x20,0x70,0x00,0xE0,0x03,0x80,0x0F,0x00,0x1E,0x00,0x38,0x08,0x30,0x08,0x30,0x18,0x30,0x38,0x18,0xC8,0x0F,0x00,0x00,0x00,0x00,0x00,0x00,0x00,0x00,/*"s",83*/
	0x00,0x00,0x00,0x00,0x00,0x00,0x00,0x00,0x00,0x00,0x00,0x00,0x00,0x00,0x00,0x00,0x80,0x00,0x80,0x00,0x80,0x00,0xC0,0x00,0xE0,0x00,0xFC,0x1F,0xC0,0x00,0xC0,0x00,0xC0,0x00,0xC0,0x00,0xC0,0x00,0xC0,0x00,0xC0,0x00,0xC0,0x00,0xC0,0x00,0xC0,0x00,0xC0,0x20,0xC0,0x20,0x80,0x11,0x00,0x0F,0x00,0x00,0x00,0x00,0x00,0x00,0x00,0x00,/*"t",84*/
	0x00,0x00,0x00,0x00,0x00,0x00,0x00,0x00,0x00,0x00,0x00,0x00,0x00,0x00,0x00,0x00,0x00,0x00,0x00,0x00,0x00,0x00,0x00,0x00,0x10,0x10,0x1E,0x1E,0x18,0x18,0x18,0x18,0x18,0x18,0x18,0x18,0x18,0x18,0x18,0x18,0x18,0x18,0x18,0x18,0x18,0x18,0x18,0x18,0x18,0x18,0x18,0x1C,0x30,0x7A,0xE0,0x09,0x00,0x00,0x00,0x00,0x00,0x00,0x00,0x00,/*"u",85*/
	0x00,0x00,0x00,0x00,0x00,0x00,0x00,0x00,0x00,0x00,0x00,0x00,0x00,0x00,0x00,0x00,0x00,0x00,0x00,0x00,0x00,0x00,0x00,0x00,0x00,0x00,0x3E,0x7C,0x18,0x30,0x18,0x10,0x18,0x18,0x30,0x08,0x30,0x08,0x20,0x04,0x60,0x04,0x60,0x04,0xC0,0x02,0xC0,0x02,0xC0,0x03,0x80,0x01,0x80,0x01,0x80,0x00,0x00,0x00,0x00,0x00,0x00,0x00,0x00,0x00,/*"v",86*/
	0x00,0x00,0x00,0x00,0x00,0x00,0x00,0x00,0x00,0x00,0x00,0x00,0x00,0x00,0x00,0x00,0x00,0x00,0x00,0x00,0x00,0x00,0x00,0x00,0x00,0x00,0xDF,0xF3,0x86,0x61,0x84,0x21,0x8C,0x21,0x8C,0x21,0x8C,0x13,0x88,0x13,0x58,0x13,0x58,0x12,0x58,0x0E,0x70,0x0E,0x30,0x0E,0x30,0x0C,0x30,0x04,0x20,0x04,0x00,0x00,0x00,0x00,0x00,0x00,0x00,0x00,/*"w",87*/
	0x00,0x00,0x00,0x00,0x00,0x00,0x00,0x00,0x00,0x00,0x00,0x00,0x00,0x00,0x00,0x00,0x00,0x00,0x00,0x00,0x00,0x00,0x00,0x00,0x00,0x00,0x7C,0x3E,0x30,0x08,0x70,0x08,0x60,0x04,0xC0,0x02,0xC0,0x02,0x80,0x01,0x80,0x01,0x80,0x03,0x40,0x06,0x20,0x06,0x20,0x0C,0x10,0x18,0x18,0x18,0x3E,0x7E,0x00,0x00,0x00,0x00,0x00,0x00,0x00,0x00,/*"x",88*/
	0x00,0x00,0x00,0x00,0x00,0x00,0x00,0x00,0x00,0x00,0x00,0x00,0x00,0x00,0x00,0x00,0x00,0x00,0x00,0x00,0x00,0x00,0x00,0x00,0x00,0x00,0x3E,0x7C,0x18,0x18,0x18,0x08,0x10,0x08,0x30,0x08,0x20,0x04,0x60,0x04,0x60,0x04,0x40,0x02,0xC0,0x02,0x80,0x02,0x80,0x01,0x80,0x01,0x80,0x00,0x80,0x00,0x80,0x00,0x40,0x00,0x7C,0x00,0x3C,0x00,/*"y",89*/
	0x00,0x00,0x00,0x00,0x00,0x00,0x00,0x00,0x00,0x00,0x00,0x00,0x00,0x00,0x00,0x00,0x00,0x00,0x00,0x00,0x00,0x00,0x00,0x00,0x00,0x00,0xFC,0x1F,0x0C,0x1C,0x0C,0x0C,0x04,0x06,0x04,0x07,0x00,0x03,0x80,0x01,0xC0,0x01,0xC0,0x00,0x60,0x00,0x70,0x20,0x30,0x20,0x18,0x30,0x0C,0x18,0xFC,0x1F,0x00,0x00,0x00,0x00,0x00,0x00,0x00,0x00,/*"z",90*/
	0x00,0x00,0x00,0x00,0x00,0x30,0x00,0x08,0x00,0x04,0x00,0x04,0x00,0x04,0x00,0x04,0x00,0x04,0x00,0x04,0x00,0x04,0x00,0x04,0x00,0x04,0x00,0x04,0x00,0x04,0x00,0x03,0x80,0x01,0x00,0x02,0x00,0x04,0x00,0x04,0x00,0x04,0x00,0x04,0x00,0x04,0x00,0x04,0x00,0x04,0x00,0x04,0x00,0x04,0x00,0x04,0x00,0x04,0x00,0x08,0x00,0x30,0x00,0x00,/*"{",91*/
	0x00,0x01,0x00,0x01,0x00,0x01,0x00,0x01,0x00,0x01,0x00,0x01,0x00,0x01,0x00,0x01,0x00,0x01,0x00,0x01,0x00,0x01,0x00,0x01,0x00,0x01,0x00,0x01,0x00,0x01,0x00,0x01,0x00,0x01,0x00,0x01,0x00,0x01,0x00,0x01,0x00,0x01,0x00,0x01,0x00,0x01,0x00,0x01,0x00,0x01,0x00,0x01,0x00,0x01,0x00,0x01,0x00,0x01,0x00,0x01,0x00,0x01,0x00,0x01,/*"|",92*/
	0x00,0x00,0x00,0x00,0x18,0x00,0x20,0x00,0x40,0x00,0x40,0x00,0x40,0x00,0x40,0x00,0x40,0x00,0x40,0x00,0x40,0x00,0x40,0x00,0x40,0x00,0x40,0x00,0x40,0x00,0x80,0x01,0x00,0x03,0x80,0x00,0x40,0x00,0x40,0x00,0x40,0x00,0x40,0x00,0x40,0x00,0x40,0x00,0x40,0x00,0x40,0x00,0x40,0x00,0x40,0x00,0x40,0x00,0x20,0x00,0x18,0x00,0x00,0x00,/*"}",93*/
	0x00,0x00,0x78,0x00,0xC4,0x00,0x82,0x41,0x02,0x41,0x00,0x27,0x00,0x1C,0x00,0x00,0x00,0x00,0x00,0x00,0x00,0x00,0x00,0x00,0x00,0x00,0x00,0x00,0x00,0x00,0x00,0x00,0x00,0x00,0x00,0x00,0x00,0x00,0x00,0x00,0x00,0x00,0x00,0x00,0x00,0x00,0x00,0x00,0x00,0x00,0x00,0x00,0x00,0x00,0x00,0x00,0x00,0x00,0x00,0x00,0x00,0x00,0x00,0x00,/*"~",94*/
		
};

const uint8_t ASCII_2412_Table [] = 
{
0x00,0x00,0x00,0x00,0x00,0x00,0x00,0x00,0x00,0x00,0x00,0x00,0x00,0x00,0x00,0x00,0x00,0x00,0x00,0x00,0x00,0x00,0x00,0x00,0x00,0x00,0x00,0x00,0x00,0x00,0x00,0x00,0x00,0x00,0x00,0x00,0x00,0x00,0x00,0x00,0x00,0x00,0x00,0x00,0x00,0x00,0x00,0x00,/*" ",0*/
0x00,0x00,0x00,0x00,0x00,0x00,0x00,0x00,0x60,0x00,0x60,0x00,0x60,0x00,0x60,0x00,0x60,0x00,0x60,0x00,0x60,0x00,0x40,0x00,0x20,0x00,0x20,0x00,0x20,0x00,0x00,0x00,0x00,0x00,0x00,0x00,0x60,0x00,0x60,0x00,0x60,0x00,0x00,0x00,0x00,0x00,0x00,0x00,/*"!",1*/
0x00,0x00,0x00,0x00,0x60,0x06,0x60,0x06,0x30,0x03,0x98,0x01,0x88,0x00,0x44,0x00,0x00,0x00,0x00,0x00,0x00,0x00,0x00,0x00,0x00,0x00,0x00,0x00,0x00,0x00,0x00,0x00,0x00,0x00,0x00,0x00,0x00,0x00,0x00,0x00,0x00,0x00,0x00,0x00,0x00,0x00,0x00,0x00,/*""",2*/
0x00,0x00,0x00,0x00,0x00,0x00,0x00,0x00,0x10,0x02,0x10,0x02,0x10,0x02,0x10,0x02,0xFE,0x07,0xFE,0x07,0x08,0x02,0x08,0x01,0x08,0x01,0x08,0x01,0x08,0x01,0xFE,0x07,0xFE,0x07,0x04,0x01,0x04,0x01,0x04,0x01,0x04,0x01,0x00,0x00,0x00,0x00,0x00,0x00,/*"#",3*/
0x00,0x00,0x00,0x00,0x00,0x00,0x40,0x00,0x40,0x00,0xF0,0x01,0x58,0x03,0x4C,0x03,0xCC,0x03,0x4C,0x00,0x58,0x00,0x70,0x00,0xE0,0x00,0xC0,0x01,0xC0,0x01,0x40,0x03,0x4C,0x03,0x5C,0x03,0x4C,0x03,0x48,0x01,0xF0,0x00,0x40,0x00,0x40,0x00,0x00,0x00,/*"$",4*/
0x00,0x00,0x00,0x00,0x00,0x00,0x00,0x00,0x0E,0x01,0x0A,0x01,0x91,0x00,0x91,0x00,0x91,0x00,0x51,0x00,0x51,0x00,0x3A,0x00,0xAE,0x03,0xA0,0x02,0x50,0x04,0x50,0x04,0x48,0x04,0x48,0x04,0x48,0x04,0x84,0x02,0x84,0x03,0x00,0x00,0x00,0x00,0x00,0x00,/*"%",5*/
0x00,0x00,0x00,0x00,0x00,0x00,0x00,0x00,0x38,0x00,0x6C,0x00,0x6C,0x00,0x6C,0x00,0x6C,0x00,0x6C,0x00,0x2C,0x00,0x98,0x07,0x1C,0x01,0x1A,0x01,0x33,0x01,0x33,0x01,0x63,0x01,0xE3,0x00,0xC3,0x08,0xC6,0x09,0x3C,0x07,0x00,0x00,0x00,0x00,0x00,0x00,/*"&",6*/
0x00,0x00,0x00,0x00,0x0C,0x00,0x1C,0x00,0x10,0x00,0x10,0x00,0x08,0x00,0x04,0x00,0x00,0x00,0x00,0x00,0x00,0x00,0x00,0x00,0x00,0x00,0x00,0x00,0x00,0x00,0x00,0x00,0x00,0x00,0x00,0x00,0x00,0x00,0x00,0x00,0x00,0x00,0x00,0x00,0x00,0x00,0x00,0x00,/*"'",7*/
0x00,0x00,0x00,0x00,0x00,0x04,0x00,0x02,0x00,0x01,0x80,0x00,0x80,0x00,0x40,0x00,0x40,0x00,0x20,0x00,0x20,0x00,0x20,0x00,0x20,0x00,0x20,0x00,0x20,0x00,0x20,0x00,0x40,0x00,0x40,0x00,0x80,0x00,0x80,0x00,0x00,0x01,0x00,0x02,0x00,0x04,0x00,0x00,/*"(",8*/
0x00,0x00,0x00,0x00,0x02,0x00,0x04,0x00,0x08,0x00,0x10,0x00,0x10,0x00,0x20,0x00,0x20,0x00,0x40,0x00,0x40,0x00,0x40,0x00,0x40,0x00,0x40,0x00,0x40,0x00,0x40,0x00,0x20,0x00,0x20,0x00,0x10,0x00,0x10,0x00,0x08,0x00,0x04,0x00,0x02,0x00,0x00,0x00,/*")",9*/
0x00,0x00,0x00,0x00,0x00,0x00,0x00,0x00,0x00,0x00,0x00,0x00,0x40,0x00,0xC0,0x00,0x40,0x00,0x46,0x0C,0x4E,0x0F,0xD0,0x01,0xF0,0x01,0x5E,0x0F,0x46,0x0C,0x40,0x00,0x40,0x00,0x40,0x00,0x00,0x00,0x00,0x00,0x00,0x00,0x00,0x00,0x00,0x00,0x00,0x00,/*"*",10*/
0x00,0x00,0x00,0x00,0x00,0x00,0x00,0x00,0x00,0x00,0x00,0x00,0x00,0x00,0x40,0x00,0x40,0x00,0x40,0x00,0x40,0x00,0x40,0x00,0xFE,0x0F,0x40,0x00,0x40,0x00,0x40,0x00,0x40,0x00,0x40,0x00,0x00,0x00,0x00,0x00,0x00,0x00,0x00,0x00,0x00,0x00,0x00,0x00,/*"+",11*/
0x00,0x00,0x00,0x00,0x00,0x00,0x00,0x00,0x00,0x00,0x00,0x00,0x00,0x00,0x00,0x00,0x00,0x00,0x00,0x00,0x00,0x00,0x00,0x00,0x00,0x00,0x00,0x00,0x00,0x00,0x00,0x00,0x00,0x00,0x00,0x00,0x0C,0x00,0x1C,0x00,0x10,0x00,0x10,0x00,0x08,0x00,0x04,0x00,/*",",12*/
0x00,0x00,0x00,0x00,0x00,0x00,0x00,0x00,0x00,0x00,0x00,0x00,0x00,0x00,0x00,0x00,0x00,0x00,0x00,0x00,0x00,0x00,0x00,0x00,0xFE,0x07,0x00,0x00,0x00,0x00,0x00,0x00,0x00,0x00,0x00,0x00,0x00,0x00,0x00,0x00,0x00,0x00,0x00,0x00,0x00,0x00,0x00,0x00,/*"-",13*/
0x00,0x00,0x00,0x00,0x00,0x00,0x00,0x00,0x00,0x00,0x00,0x00,0x00,0x00,0x00,0x00,0x00,0x00,0x00,0x00,0x00,0x00,0x00,0x00,0x00,0x00,0x00,0x00,0x00,0x00,0x00,0x00,0x00,0x00,0x00,0x00,0x1C,0x00,0x1C,0x00,0x1C,0x00,0x00,0x00,0x00,0x00,0x00,0x00,/*".",14*/
0x00,0x00,0x00,0x00,0x00,0x04,0x00,0x06,0x00,0x02,0x00,0x03,0x00,0x01,0x00,0x01,0x80,0x00,0x80,0x00,0x40,0x00,0x40,0x00,0x60,0x00,0x20,0x00,0x20,0x00,0x10,0x00,0x10,0x00,0x08,0x00,0x08,0x00,0x0C,0x00,0x04,0x00,0x06,0x00,0x02,0x00,0x00,0x00,/*"/",15*/
0x00,0x00,0x00,0x00,0x00,0x00,0x00,0x00,0x00,0x00,0xF0,0x00,0x98,0x01,0x0C,0x03,0x0C,0x03,0x06,0x06,0x06,0x06,0x06,0x06,0x06,0x06,0x06,0x06,0x06,0x06,0x06,0x06,0x06,0x06,0x0C,0x03,0x0C,0x03,0x98,0x01,0xF0,0x00,0x00,0x00,0x00,0x00,0x00,0x00,/*"0",16*/
0x00,0x00,0x00,0x00,0x00,0x00,0x00,0x00,0x00,0x00,0x40,0x00,0x7C,0x00,0x60,0x00,0x60,0x00,0x60,0x00,0x60,0x00,0x60,0x00,0x60,0x00,0x60,0x00,0x60,0x00,0x60,0x00,0x60,0x00,0x60,0x00,0x60,0x00,0x60,0x00,0xFC,0x03,0x00,0x00,0x00,0x00,0x00,0x00,/*"1",17*/
0x00,0x00,0x00,0x00,0x00,0x00,0x00,0x00,0x00,0x00,0xF8,0x00,0x84,0x01,0x02,0x03,0x06,0x03,0x06,0x03,0x00,0x03,0x00,0x01,0x80,0x01,0xC0,0x00,0x60,0x00,0x20,0x00,0x10,0x00,0x08,0x02,0x04,0x02,0x06,0x02,0xFE,0x03,0x00,0x00,0x00,0x00,0x00,0x00,/*"2",18*/
0x00,0x00,0x00,0x00,0x00,0x00,0x00,0x00,0x00,0x00,0x78,0x00,0xC6,0x00,0x86,0x01,0x86,0x01,0x80,0x01,0x80,0x01,0xC0,0x00,0x70,0x00,0x80,0x01,0x00,0x01,0x00,0x03,0x00,0x03,0x06,0x03,0x06,0x03,0x86,0x01,0xF8,0x00,0x00,0x00,0x00,0x00,0x00,0x00,/*"3",19*/
0x00,0x00,0x00,0x00,0x00,0x00,0x00,0x00,0x00,0x00,0x80,0x01,0x80,0x01,0xC0,0x01,0xA0,0x01,0xA0,0x01,0x90,0x01,0x88,0x01,0x88,0x01,0x84,0x01,0x82,0x01,0xFE,0x0F,0x80,0x01,0x80,0x01,0x80,0x01,0x80,0x01,0xE0,0x07,0x00,0x00,0x00,0x00,0x00,0x00,/*"4",20*/
0x00,0x00,0x00,0x00,0x00,0x00,0x00,0x00,0x00,0x00,0xFC,0x03,0x04,0x00,0x04,0x00,0x04,0x00,0x04,0x00,0x04,0x00,0xF4,0x00,0x8C,0x01,0x04,0x03,0x00,0x03,0x00,0x03,0x06,0x03,0x06,0x03,0x82,0x01,0x84,0x01,0xF8,0x00,0x00,0x00,0x00,0x00,0x00,0x00,/*"5",21*/
0x00,0x00,0x00,0x00,0x00,0x00,0x00,0x00,0x00,0x00,0xE0,0x01,0x18,0x03,0x0C,0x03,0x0C,0x00,0x04,0x00,0x06,0x00,0xE6,0x01,0x16,0x03,0x0E,0x06,0x06,0x06,0x06,0x06,0x06,0x06,0x04,0x06,0x0C,0x02,0x18,0x03,0xF0,0x00,0x00,0x00,0x00,0x00,0x00,0x00,/*"6",22*/
0x00,0x00,0x00,0x00,0x00,0x00,0x00,0x00,0x00,0x00,0xF8,0x07,0x0C,0x06,0x04,0x02,0x04,0x01,0x00,0x01,0x00,0x01,0x80,0x00,0x80,0x00,0x40,0x00,0x40,0x00,0x40,0x00,0x60,0x00,0x60,0x00,0x60,0x00,0x60,0x00,0x60,0x00,0x00,0x00,0x00,0x00,0x00,0x00,/*"7",23*/
0x00,0x00,0x00,0x00,0x00,0x00,0x00,0x00,0x00,0x00,0xF8,0x01,0x0C,0x03,0x06,0x06,0x06,0x06,0x06,0x06,0x0C,0x02,0x1C,0x03,0xF0,0x00,0xC8,0x01,0x0C,0x03,0x06,0x06,0x06,0x06,0x06,0x06,0x06,0x06,0x0C,0x03,0xF0,0x01,0x00,0x00,0x00,0x00,0x00,0x00,/*"8",24*/
0x00,0x00,0x00,0x00,0x00,0x00,0x00,0x00,0x00,0x00,0xF0,0x00,0x0C,0x01,0x0C,0x03,0x06,0x02,0x06,0x06,0x06,0x06,0x06,0x06,0x06,0x07,0x8C,0x06,0x78,0x06,0x00,0x06,0x00,0x03,0x00,0x03,0x0C,0x01,0x8C,0x01,0x78,0x00,0x00,0x00,0x00,0x00,0x00,0x00,/*"9",25*/
0x00,0x00,0x00,0x00,0x00,0x00,0x00,0x00,0x00,0x00,0x00,0x00,0x00,0x00,0x00,0x00,0x00,0x00,0x00,0x00,0xE0,0x00,0xE0,0x00,0xE0,0x00,0x00,0x00,0x00,0x00,0x00,0x00,0x00,0x00,0x00,0x00,0xE0,0x00,0xE0,0x00,0xE0,0x00,0x00,0x00,0x00,0x00,0x00,0x00,/*":",26*/
0x00,0x00,0x00,0x00,0x00,0x00,0x00,0x00,0x00,0x00,0x00,0x00,0x00,0x00,0x00,0x00,0x00,0x00,0x00,0x00,0x60,0x00,0x60,0x00,0x00,0x00,0x00,0x00,0x00,0x00,0x00,0x00,0x00,0x00,0x00,0x00,0x00,0x00,0x60,0x00,0x60,0x00,0x40,0x00,0x20,0x00,0x20,0x00,/*";",27*/
0x00,0x00,0x00,0x00,0x00,0x00,0x00,0x00,0x00,0x04,0x00,0x02,0x00,0x01,0x80,0x00,0x40,0x00,0x20,0x00,0x10,0x00,0x08,0x00,0x04,0x00,0x08,0x00,0x10,0x00,0x20,0x00,0x40,0x00,0x80,0x00,0x00,0x01,0x00,0x02,0x00,0x04,0x00,0x00,0x00,0x00,0x00,0x00,/*"<",28*/
0x00,0x00,0x00,0x00,0x00,0x00,0x00,0x00,0x00,0x00,0x00,0x00,0x00,0x00,0x00,0x00,0x00,0x00,0x00,0x00,0xFE,0x07,0x00,0x00,0x00,0x00,0x00,0x00,0xFE,0x07,0x00,0x00,0x00,0x00,0x00,0x00,0x00,0x00,0x00,0x00,0x00,0x00,0x00,0x00,0x00,0x00,0x00,0x00,/*"=",29*/
0x00,0x00,0x00,0x00,0x00,0x00,0x00,0x00,0x04,0x00,0x08,0x00,0x10,0x00,0x20,0x00,0x40,0x00,0x80,0x00,0x00,0x01,0x00,0x02,0x00,0x04,0x00,0x02,0x00,0x01,0x80,0x00,0x40,0x00,0x20,0x00,0x10,0x00,0x08,0x00,0x04,0x00,0x00,0x00,0x00,0x00,0x00,0x00,/*">",30*/
0x00,0x00,0x00,0x00,0x00,0x00,0x00,0x00,0x00,0x00,0xE0,0x03,0x18,0x06,0x04,0x0C,0x04,0x0C,0x0C,0x0C,0x0C,0x0C,0x00,0x07,0x80,0x01,0x40,0x00,0x40,0x00,0x40,0x00,0x00,0x00,0x00,0x00,0xE0,0x00,0xE0,0x00,0xE0,0x00,0x00,0x00,0x00,0x00,0x00,0x00,/*"?",31*/
0x00,0x00,0x00,0x00,0x00,0x00,0x00,0x00,0xE0,0x00,0x18,0x03,0x0C,0x02,0xCC,0x05,0x64,0x05,0x66,0x05,0xA6,0x05,0xB6,0x04,0xB6,0x04,0xB6,0x04,0xB6,0x04,0xB6,0x02,0xE4,0x01,0x0C,0x04,0x0C,0x02,0x18,0x03,0xF0,0x00,0x00,0x00,0x00,0x00,0x00,0x00,/*"@",32*/
0x00,0x00,0x00,0x00,0x00,0x00,0x00,0x00,0x00,0x00,0x60,0x00,0x60,0x00,0x50,0x00,0xD0,0x00,0x90,0x00,0x90,0x00,0x88,0x00,0x88,0x01,0x08,0x01,0xF8,0x01,0x04,0x03,0x04,0x03,0x04,0x02,0x02,0x02,0x02,0x06,0x0F,0x0F,0x00,0x00,0x00,0x00,0x00,0x00,/*"A",33*/
0x00,0x00,0x00,0x00,0x00,0x00,0x00,0x00,0x00,0x00,0xFE,0x00,0x8C,0x03,0x0C,0x03,0x0C,0x03,0x0C,0x03,0x0C,0x03,0x8C,0x01,0xFC,0x00,0x0C,0x03,0x0C,0x02,0x0C,0x06,0x0C,0x06,0x0C,0x06,0x0C,0x06,0x0C,0x03,0xFE,0x01,0x00,0x00,0x00,0x00,0x00,0x00,/*"B",34*/
0x00,0x00,0x00,0x00,0x00,0x00,0x00,0x00,0x00,0x00,0xE0,0x03,0x18,0x03,0x0C,0x06,0x0C,0x04,0x04,0x04,0x06,0x00,0x06,0x00,0x06,0x00,0x06,0x00,0x06,0x00,0x06,0x00,0x06,0x04,0x0C,0x04,0x0C,0x02,0x18,0x03,0xF0,0x00,0x00,0x00,0x00,0x00,0x00,0x00,/*"C",35*/
0x00,0x00,0x00,0x00,0x00,0x00,0x00,0x00,0x00,0x00,0x7F,0x00,0x8C,0x01,0x0C,0x03,0x0C,0x03,0x0C,0x06,0x0C,0x06,0x0C,0x06,0x0C,0x06,0x0C,0x06,0x0C,0x06,0x0C,0x06,0x0C,0x06,0x0C,0x03,0x0C,0x03,0x8C,0x01,0x7F,0x00,0x00,0x00,0x00,0x00,0x00,0x00,/*"D",36*/
0x00,0x00,0x00,0x00,0x00,0x00,0x00,0x00,0x00,0x00,0xFF,0x03,0x06,0x03,0x06,0x04,0x06,0x04,0x06,0x00,0x86,0x00,0x86,0x00,0xFE,0x00,0x86,0x00,0x86,0x00,0x86,0x00,0x06,0x00,0x06,0x04,0x06,0x04,0x06,0x02,0xFF,0x03,0x00,0x00,0x00,0x00,0x00,0x00,/*"E",37*/
0x00,0x00,0x00,0x00,0x00,0x00,0x00,0x00,0x00,0x00,0xFF,0x03,0x06,0x03,0x06,0x04,0x06,0x04,0x06,0x00,0x86,0x00,0x86,0x00,0xFE,0x00,0x86,0x00,0x86,0x00,0x86,0x00,0x06,0x00,0x06,0x00,0x06,0x00,0x06,0x00,0x1F,0x00,0x00,0x00,0x00,0x00,0x00,0x00,/*"F",38*/
0x00,0x00,0x00,0x00,0x00,0x00,0x00,0x00,0x00,0x00,0xF0,0x00,0x18,0x01,0x0C,0x02,0x0C,0x02,0x04,0x02,0x06,0x00,0x06,0x00,0x06,0x00,0x06,0x00,0xC6,0x0F,0x06,0x03,0x06,0x03,0x0C,0x03,0x0C,0x03,0x18,0x03,0xF0,0x00,0x00,0x00,0x00,0x00,0x00,0x00,/*"G",39*/
0x00,0x00,0x00,0x00,0x00,0x00,0x00,0x00,0x00,0x00,0x0F,0x0F,0x06,0x06,0x06,0x06,0x06,0x06,0x06,0x06,0x06,0x06,0x06,0x06,0xFE,0x07,0x06,0x06,0x06,0x06,0x06,0x06,0x06,0x06,0x06,0x06,0x06,0x06,0x06,0x06,0x0F,0x0F,0x00,0x00,0x00,0x00,0x00,0x00,/*"H",40*/
0x00,0x00,0x00,0x00,0x00,0x00,0x00,0x00,0x00,0x00,0xFC,0x03,0x60,0x00,0x60,0x00,0x60,0x00,0x60,0x00,0x60,0x00,0x60,0x00,0x60,0x00,0x60,0x00,0x60,0x00,0x60,0x00,0x60,0x00,0x60,0x00,0x60,0x00,0x60,0x00,0xFC,0x03,0x00,0x00,0x00,0x00,0x00,0x00,/*"I",41*/
0x00,0x00,0x00,0x00,0x00,0x00,0x00,0x00,0x00,0x00,0xF8,0x07,0xC0,0x00,0xC0,0x00,0xC0,0x00,0xC0,0x00,0xC0,0x00,0xC0,0x00,0xC0,0x00,0xC0,0x00,0xC0,0x00,0xC0,0x00,0xC0,0x00,0xC0,0x00,0xC0,0x00,0xC0,0x00,0xC0,0x00,0xC6,0x00,0x66,0x00,0x3C,0x00,/*"J",42*/
0x00,0x00,0x00,0x00,0x00,0x00,0x00,0x00,0x00,0x00,0xCF,0x03,0x86,0x01,0xC6,0x00,0x46,0x00,0x26,0x00,0x16,0x00,0x36,0x00,0x2E,0x00,0x6E,0x00,0x46,0x00,0xC6,0x00,0x86,0x00,0x86,0x01,0x06,0x01,0x06,0x03,0x8F,0x07,0x00,0x00,0x00,0x00,0x00,0x00,/*"K",43*/
0x00,0x00,0x00,0x00,0x00,0x00,0x00,0x00,0x00,0x00,0x1F,0x00,0x06,0x00,0x06,0x00,0x06,0x00,0x06,0x00,0x06,0x00,0x06,0x00,0x06,0x00,0x06,0x00,0x06,0x00,0x06,0x00,0x06,0x00,0x06,0x04,0x06,0x04,0x06,0x02,0xFF,0x03,0x00,0x00,0x00,0x00,0x00,0x00,/*"L",44*/
0x00,0x00,0x00,0x00,0x00,0x00,0x00,0x00,0x00,0x00,0x07,0x07,0x86,0x03,0x86,0x03,0x8E,0x03,0x8E,0x03,0x4E,0x03,0x4E,0x03,0x4A,0x03,0x5A,0x03,0x5A,0x03,0x3A,0x03,0x32,0x03,0x32,0x03,0x32,0x03,0x12,0x03,0x87,0x07,0x00,0x00,0x00,0x00,0x00,0x00,/*"M",45*/
0x00,0x00,0x00,0x00,0x00,0x00,0x00,0x00,0x00,0x00,0x8E,0x0F,0x0C,0x02,0x1C,0x02,0x1C,0x02,0x34,0x02,0x34,0x02,0x64,0x02,0x64,0x02,0x44,0x02,0xC4,0x02,0x84,0x02,0x84,0x03,0x84,0x03,0x04,0x03,0x04,0x03,0x1F,0x02,0x00,0x00,0x00,0x00,0x00,0x00,/*"N",46*/
0x00,0x00,0x00,0x00,0x00,0x00,0x00,0x00,0x00,0x00,0xF0,0x00,0x98,0x01,0x0C,0x03,0x0C,0x02,0x06,0x06,0x06,0x06,0x06,0x06,0x06,0x06,0x06,0x06,0x06,0x06,0x06,0x06,0x06,0x06,0x0C,0x02,0x0C,0x03,0x98,0x01,0xF0,0x00,0x00,0x00,0x00,0x00,0x00,0x00,/*"O",47*/
0x00,0x00,0x00,0x00,0x00,0x00,0x00,0x00,0x00,0x00,0xFF,0x00,0x06,0x03,0x06,0x06,0x06,0x06,0x06,0x06,0x06,0x06,0x06,0x06,0x86,0x03,0xFE,0x00,0x06,0x00,0x06,0x00,0x06,0x00,0x06,0x00,0x06,0x00,0x06,0x00,0x1F,0x00,0x00,0x00,0x00,0x00,0x00,0x00,/*"P",48*/
0x00,0x00,0x00,0x00,0x00,0x00,0x00,0x00,0x00,0x00,0xF0,0x00,0x98,0x01,0x0C,0x03,0x0C,0x02,0x06,0x06,0x06,0x06,0x06,0x06,0x06,0x06,0x06,0x06,0x06,0x06,0x06,0x06,0x76,0x06,0x4C,0x02,0xCC,0x03,0x98,0x01,0xF0,0x00,0x80,0x07,0x00,0x03,0x00,0x00,/*"Q",49*/
0x00,0x00,0x00,0x00,0x00,0x00,0x00,0x00,0x00,0x00,0xFF,0x01,0x06,0x03,0x06,0x06,0x06,0x06,0x06,0x06,0x06,0x06,0x06,0x03,0xFE,0x00,0x46,0x00,0xC6,0x00,0x86,0x00,0x86,0x01,0x06,0x03,0x06,0x03,0x06,0x06,0x0F,0x0E,0x00,0x00,0x00,0x00,0x00,0x00,/*"R",50*/
0x00,0x00,0x00,0x00,0x00,0x00,0x00,0x00,0x00,0x00,0xF8,0x02,0x0C,0x03,0x06,0x02,0x06,0x02,0x06,0x00,0x0E,0x00,0x3C,0x00,0xF8,0x00,0xE0,0x03,0x80,0x03,0x00,0x07,0x02,0x06,0x02,0x06,0x06,0x06,0x0C,0x03,0xF0,0x01,0x00,0x00,0x00,0x00,0x00,0x00,/*"S",51*/
0x00,0x00,0x00,0x00,0x00,0x00,0x00,0x00,0x00,0x00,0xFE,0x07,0x62,0x04,0x61,0x08,0x61,0x08,0x60,0x00,0x60,0x00,0x60,0x00,0x60,0x00,0x60,0x00,0x60,0x00,0x60,0x00,0x60,0x00,0x60,0x00,0x60,0x00,0x60,0x00,0xF8,0x01,0x00,0x00,0x00,0x00,0x00,0x00,/*"T",52*/
0x00,0x00,0x00,0x00,0x00,0x00,0x00,0x00,0x00,0x00,0x1E,0x07,0x0C,0x02,0x0C,0x02,0x0C,0x02,0x0C,0x02,0x0C,0x02,0x0C,0x02,0x0C,0x02,0x0C,0x02,0x0C,0x02,0x0C,0x02,0x0C,0x02,0x0C,0x02,0x0C,0x02,0x18,0x01,0xF0,0x00,0x00,0x00,0x00,0x00,0x00,0x00,/*"U",53*/
0x00,0x00,0x00,0x00,0x00,0x00,0x00,0x00,0x00,0x00,0x0F,0x07,0x06,0x02,0x04,0x01,0x04,0x01,0x0C,0x01,0x0C,0x01,0x88,0x00,0x88,0x00,0x98,0x00,0x98,0x00,0x50,0x00,0x50,0x00,0x70,0x00,0x30,0x00,0x20,0x00,0x20,0x00,0x00,0x00,0x00,0x00,0x00,0x00,/*"V",54*/
0x00,0x00,0x00,0x00,0x00,0x00,0x00,0x00,0x00,0x00,0xF7,0x0E,0x62,0x04,0x42,0x04,0x46,0x04,0x46,0x04,0x64,0x02,0x64,0x02,0xE4,0x02,0xE4,0x02,0x9C,0x02,0x9C,0x01,0x98,0x01,0x98,0x01,0x88,0x01,0x88,0x00,0x88,0x00,0x00,0x00,0x00,0x00,0x00,0x00,/*"W",55*/
0x00,0x00,0x00,0x00,0x00,0x00,0x00,0x00,0x00,0x00,0x9E,0x07,0x0C,0x01,0x08,0x01,0x18,0x01,0x90,0x00,0xB0,0x00,0x60,0x00,0x20,0x00,0x60,0x00,0x60,0x00,0xD0,0x00,0x90,0x00,0x88,0x01,0x08,0x01,0x04,0x03,0x8E,0x07,0x00,0x00,0x00,0x00,0x00,0x00,/*"X",56*/
0x00,0x00,0x00,0x00,0x00,0x00,0x00,0x00,0x00,0x00,0x0F,0x0F,0x06,0x04,0x04,0x02,0x0C,0x02,0x08,0x01,0x18,0x01,0xB8,0x00,0xB0,0x00,0x70,0x00,0x60,0x00,0x60,0x00,0x60,0x00,0x60,0x00,0x60,0x00,0x60,0x00,0xF8,0x01,0x00,0x00,0x00,0x00,0x00,0x00,/*"Y",57*/
0x00,0x00,0x00,0x00,0x00,0x00,0x00,0x00,0x00,0x00,0xFC,0x07,0x0C,0x02,0x06,0x03,0x02,0x01,0x80,0x01,0x80,0x00,0x40,0x00,0x40,0x00,0x20,0x00,0x20,0x00,0x10,0x00,0x18,0x00,0x08,0x04,0x0C,0x04,0x04,0x02,0xFE,0x03,0x00,0x00,0x00,0x00,0x00,0x00,/*"Z",58*/
0x00,0x00,0x00,0x00,0xE0,0x03,0x20,0x00,0x20,0x00,0x20,0x00,0x20,0x00,0x20,0x00,0x20,0x00,0x20,0x00,0x20,0x00,0x20,0x00,0x20,0x00,0x20,0x00,0x20,0x00,0x20,0x00,0x20,0x00,0x20,0x00,0x20,0x00,0x20,0x00,0x20,0x00,0x20,0x00,0xE0,0x03,0x00,0x00,/*"[",59*/
0x00,0x00,0x00,0x00,0x00,0x00,0x00,0x00,0x04,0x00,0x04,0x00,0x08,0x00,0x08,0x00,0x10,0x00,0x10,0x00,0x10,0x00,0x20,0x00,0x20,0x00,0x40,0x00,0x40,0x00,0xC0,0x00,0x80,0x00,0x80,0x00,0x00,0x01,0x00,0x01,0x00,0x02,0x00,0x02,0x00,0x02,0x00,0x04,/*"\",60*/
0x00,0x00,0x00,0x00,0x7C,0x00,0x40,0x00,0x40,0x00,0x40,0x00,0x40,0x00,0x40,0x00,0x40,0x00,0x40,0x00,0x40,0x00,0x40,0x00,0x40,0x00,0x40,0x00,0x40,0x00,0x40,0x00,0x40,0x00,0x40,0x00,0x40,0x00,0x40,0x00,0x40,0x00,0x40,0x00,0x7C,0x00,0x00,0x00,/*"]",61*/
0x00,0x00,0x60,0x00,0x90,0x00,0x08,0x01,0x00,0x00,0x00,0x00,0x00,0x00,0x00,0x00,0x00,0x00,0x00,0x00,0x00,0x00,0x00,0x00,0x00,0x00,0x00,0x00,0x00,0x00,0x00,0x00,0x00,0x00,0x00,0x00,0x00,0x00,0x00,0x00,0x00,0x00,0x00,0x00,0x00,0x00,0x00,0x00,/*"^",62*/
0x00,0x00,0x00,0x00,0x00,0x00,0x00,0x00,0x00,0x00,0x00,0x00,0x00,0x00,0x00,0x00,0x00,0x00,0x00,0x00,0x00,0x00,0x00,0x00,0x00,0x00,0x00,0x00,0x00,0x00,0x00,0x00,0x00,0x00,0x00,0x00,0x00,0x00,0x00,0x00,0x00,0x00,0x00,0x00,0x00,0x00,0xFF,0x0F,/*"_",63*/
0x00,0x00,0x00,0x00,0x18,0x00,0x60,0x00,0x00,0x00,0x00,0x00,0x00,0x00,0x00,0x00,0x00,0x00,0x00,0x00,0x00,0x00,0x00,0x00,0x00,0x00,0x00,0x00,0x00,0x00,0x00,0x00,0x00,0x00,0x00,0x00,0x00,0x00,0x00,0x00,0x00,0x00,0x00,0x00,0x00,0x00,0x00,0x00,/*"`",64*/
0x00,0x00,0x00,0x00,0x00,0x00,0x00,0x00,0x00,0x00,0x00,0x00,0x00,0x00,0x00,0x00,0x00,0x00,0x00,0x00,0xF0,0x01,0x0C,0x03,0x0C,0x03,0x00,0x03,0xE0,0x03,0x1C,0x03,0x0E,0x03,0x06,0x03,0x06,0x03,0x8E,0x0B,0x7C,0x0E,0x00,0x00,0x00,0x00,0x00,0x00,/*"a",65*/
0x00,0x00,0x00,0x00,0x00,0x00,0x00,0x00,0x08,0x00,0x0E,0x00,0x0C,0x00,0x0C,0x00,0x0C,0x00,0x0C,0x00,0xCC,0x01,0x3C,0x03,0x1C,0x06,0x0C,0x06,0x0C,0x06,0x0C,0x06,0x0C,0x06,0x0C,0x06,0x0C,0x02,0x1C,0x03,0xE4,0x01,0x00,0x00,0x00,0x00,0x00,0x00,/*"b",66*/
0x00,0x00,0x00,0x00,0x00,0x00,0x00,0x00,0x00,0x00,0x00,0x00,0x00,0x00,0x00,0x00,0x00,0x00,0x00,0x00,0xF0,0x00,0x8C,0x01,0x8C,0x01,0x86,0x01,0x06,0x00,0x06,0x00,0x06,0x00,0x06,0x02,0x0C,0x02,0x0C,0x01,0xF0,0x00,0x00,0x00,0x00,0x00,0x00,0x00,/*"c",67*/
0x00,0x00,0x00,0x00,0x00,0x00,0x00,0x00,0x00,0x02,0xC0,0x03,0x00,0x03,0x00,0x03,0x00,0x03,0x00,0x03,0x78,0x03,0x8C,0x03,0x0C,0x03,0x06,0x03,0x06,0x03,0x06,0x03,0x06,0x03,0x06,0x03,0x04,0x03,0x8C,0x07,0x78,0x01,0x00,0x00,0x00,0x00,0x00,0x00,/*"d",68*/
0x00,0x00,0x00,0x00,0x00,0x00,0x00,0x00,0x00,0x00,0x00,0x00,0x00,0x00,0x00,0x00,0x00,0x00,0x00,0x00,0xE0,0x01,0x18,0x03,0x08,0x02,0x0C,0x06,0x0C,0x06,0xFC,0x07,0x0C,0x00,0x0C,0x00,0x18,0x04,0x18,0x02,0xE0,0x01,0x00,0x00,0x00,0x00,0x00,0x00,/*"e",69*/
0x00,0x00,0x00,0x00,0x00,0x00,0x00,0x00,0x00,0x00,0xC0,0x03,0x60,0x06,0x30,0x06,0x30,0x00,0x30,0x00,0xFE,0x01,0x30,0x00,0x30,0x00,0x30,0x00,0x30,0x00,0x30,0x00,0x30,0x00,0x30,0x00,0x30,0x00,0x30,0x00,0xFC,0x01,0x00,0x00,0x00,0x00,0x00,0x00,/*"f",70*/
0x00,0x00,0x00,0x00,0x00,0x00,0x00,0x00,0x00,0x00,0x00,0x00,0x00,0x00,0x00,0x00,0x00,0x00,0x00,0x00,0xF0,0x07,0xD8,0x06,0x8C,0x01,0x8C,0x01,0x8C,0x01,0x98,0x01,0xF8,0x00,0x0C,0x00,0xFC,0x00,0xCC,0x03,0x06,0x03,0x06,0x03,0x8E,0x03,0xF8,0x00,/*"g",71*/
0x00,0x00,0x00,0x00,0x00,0x00,0x00,0x00,0x08,0x00,0x0E,0x00,0x0C,0x00,0x0C,0x00,0x0C,0x00,0x0C,0x00,0xEC,0x01,0x1C,0x03,0x0C,0x03,0x0C,0x03,0x0C,0x03,0x0C,0x03,0x0C,0x03,0x0C,0x03,0x0C,0x03,0x0C,0x03,0x9E,0x07,0x00,0x00,0x00,0x00,0x00,0x00,/*"h",72*/
0x00,0x00,0x00,0x00,0x00,0x00,0x00,0x00,0x00,0x00,0x60,0x00,0x60,0x00,0x00,0x00,0x00,0x00,0x40,0x00,0x7C,0x00,0x60,0x00,0x60,0x00,0x60,0x00,0x60,0x00,0x60,0x00,0x60,0x00,0x60,0x00,0x60,0x00,0x60,0x00,0xFC,0x03,0x00,0x00,0x00,0x00,0x00,0x00,/*"i",73*/
0x00,0x00,0x00,0x00,0x00,0x00,0x00,0x00,0x00,0x00,0xC0,0x01,0xC0,0x01,0x00,0x00,0x00,0x00,0x00,0x01,0xF0,0x01,0x80,0x01,0x80,0x01,0x80,0x01,0x80,0x01,0x80,0x01,0x80,0x01,0x80,0x01,0x80,0x01,0x80,0x01,0x80,0x01,0x80,0x01,0xCC,0x00,0x7C,0x00,/*"j",74*/
0x00,0x00,0x00,0x00,0x00,0x00,0x00,0x00,0x08,0x00,0x0E,0x00,0x0C,0x00,0x0C,0x00,0x0C,0x00,0x0C,0x00,0x8C,0x03,0x8C,0x00,0x8C,0x00,0x4C,0x00,0x6C,0x00,0x5C,0x00,0x8C,0x00,0x8C,0x01,0x0C,0x01,0x0C,0x03,0x9E,0x07,0x00,0x00,0x00,0x00,0x00,0x00,/*"k",75*/
0x00,0x00,0x00,0x00,0x00,0x00,0x00,0x00,0x40,0x00,0x7C,0x00,0x60,0x00,0x60,0x00,0x60,0x00,0x60,0x00,0x60,0x00,0x60,0x00,0x60,0x00,0x60,0x00,0x60,0x00,0x60,0x00,0x60,0x00,0x60,0x00,0x60,0x00,0x60,0x00,0xFC,0x03,0x00,0x00,0x00,0x00,0x00,0x00,/*"l",76*/
0x00,0x00,0x00,0x00,0x00,0x00,0x00,0x00,0x00,0x00,0x00,0x00,0x00,0x00,0x00,0x00,0x00,0x00,0x00,0x00,0x37,0x07,0xEE,0x06,0x66,0x06,0x66,0x06,0x66,0x06,0x66,0x06,0x66,0x06,0x66,0x06,0x66,0x06,0x66,0x06,0xFF,0x0F,0x00,0x00,0x00,0x00,0x00,0x00,/*"m",77*/
0x00,0x00,0x00,0x00,0x00,0x00,0x00,0x00,0x00,0x00,0x00,0x00,0x00,0x00,0x00,0x00,0x00,0x00,0x00,0x00,0xEE,0x01,0x1C,0x03,0x0C,0x03,0x0C,0x03,0x0C,0x03,0x0C,0x03,0x0C,0x03,0x0C,0x03,0x0C,0x03,0x0C,0x03,0x9E,0x07,0x00,0x00,0x00,0x00,0x00,0x00,/*"n",78*/
0x00,0x00,0x00,0x00,0x00,0x00,0x00,0x00,0x00,0x00,0x00,0x00,0x00,0x00,0x00,0x00,0x00,0x00,0x00,0x00,0xF0,0x00,0x98,0x01,0x0C,0x03,0x06,0x06,0x06,0x06,0x06,0x06,0x06,0x06,0x06,0x06,0x0C,0x03,0x0C,0x03,0xF0,0x00,0x00,0x00,0x00,0x00,0x00,0x00,/*"o",79*/
0x00,0x00,0x00,0x00,0x00,0x00,0x00,0x00,0x00,0x00,0x00,0x00,0x00,0x00,0x00,0x00,0x00,0x00,0x00,0x00,0xEE,0x01,0x1C,0x03,0x0C,0x06,0x0C,0x06,0x0C,0x06,0x0C,0x06,0x0C,0x06,0x0C,0x06,0x0C,0x03,0x1C,0x03,0xEC,0x01,0x0C,0x00,0x0C,0x00,0x3E,0x00,/*"p",80*/
0x00,0x00,0x00,0x00,0x00,0x00,0x00,0x00,0x00,0x00,0x00,0x00,0x00,0x00,0x00,0x00,0x00,0x00,0x00,0x00,0x78,0x02,0x8C,0x03,0x0C,0x03,0x06,0x03,0x06,0x03,0x06,0x03,0x06,0x03,0x06,0x03,0x04,0x03,0x8C,0x03,0x78,0x03,0x00,0x03,0x00,0x03,0xC0,0x07,/*"q",81*/
0x00,0x00,0x00,0x00,0x00,0x00,0x00,0x00,0x00,0x00,0x00,0x00,0x00,0x00,0x00,0x00,0x00,0x00,0x00,0x00,0x9F,0x03,0x58,0x06,0x38,0x06,0x18,0x00,0x18,0x00,0x18,0x00,0x18,0x00,0x18,0x00,0x18,0x00,0x18,0x00,0xFF,0x00,0x00,0x00,0x00,0x00,0x00,0x00,/*"r",82*/
0x00,0x00,0x00,0x00,0x00,0x00,0x00,0x00,0x00,0x00,0x00,0x00,0x00,0x00,0x00,0x00,0x00,0x00,0x00,0x00,0xF0,0x03,0x1C,0x03,0x0C,0x02,0x0C,0x02,0x38,0x00,0xF0,0x00,0xC0,0x03,0x04,0x03,0x04,0x03,0x8C,0x03,0xFC,0x01,0x00,0x00,0x00,0x00,0x00,0x00,/*"s",83*/
0x00,0x00,0x00,0x00,0x00,0x00,0x00,0x00,0x00,0x00,0x00,0x00,0x20,0x00,0x20,0x00,0x30,0x00,0x30,0x00,0xFE,0x01,0x30,0x00,0x30,0x00,0x30,0x00,0x30,0x00,0x30,0x00,0x30,0x00,0x30,0x00,0x30,0x02,0x30,0x02,0xE0,0x01,0x00,0x00,0x00,0x00,0x00,0x00,/*"t",84*/
0x00,0x00,0x00,0x00,0x00,0x00,0x00,0x00,0x00,0x00,0x00,0x00,0x00,0x00,0x00,0x00,0x00,0x00,0x08,0x02,0x8E,0x03,0x0C,0x03,0x0C,0x03,0x0C,0x03,0x0C,0x03,0x0C,0x03,0x0C,0x03,0x0C,0x03,0x0C,0x03,0x9C,0x07,0x78,0x01,0x00,0x00,0x00,0x00,0x00,0x00,/*"u",85*/
0x00,0x00,0x00,0x00,0x00,0x00,0x00,0x00,0x00,0x00,0x00,0x00,0x00,0x00,0x00,0x00,0x00,0x00,0x00,0x00,0x1E,0x07,0x0C,0x02,0x08,0x01,0x08,0x01,0x18,0x01,0x90,0x00,0xB0,0x00,0xB0,0x00,0x60,0x00,0x60,0x00,0x20,0x00,0x00,0x00,0x00,0x00,0x00,0x00,/*"v",86*/
0x00,0x00,0x00,0x00,0x00,0x00,0x00,0x00,0x00,0x00,0x00,0x00,0x00,0x00,0x00,0x00,0x00,0x00,0x00,0x00,0xF7,0x0E,0x62,0x04,0x46,0x04,0x64,0x02,0x64,0x02,0xEC,0x02,0x9C,0x01,0x98,0x01,0x98,0x01,0x98,0x01,0x08,0x00,0x00,0x00,0x00,0x00,0x00,0x00,/*"w",87*/
0x00,0x00,0x00,0x00,0x00,0x00,0x00,0x00,0x00,0x00,0x00,0x00,0x00,0x00,0x00,0x00,0x00,0x00,0x00,0x00,0xBC,0x07,0x18,0x01,0x10,0x01,0xB0,0x00,0x60,0x00,0x60,0x00,0xE0,0x00,0x90,0x00,0x08,0x01,0x08,0x03,0x9E,0x07,0x00,0x00,0x00,0x00,0x00,0x00,/*"x",88*/
0x00,0x00,0x00,0x00,0x00,0x00,0x00,0x00,0x00,0x00,0x00,0x00,0x00,0x00,0x00,0x00,0x00,0x00,0x00,0x00,0x9E,0x07,0x08,0x01,0x08,0x01,0x08,0x01,0x90,0x00,0x90,0x00,0xB0,0x00,0x60,0x00,0x60,0x00,0x60,0x00,0x20,0x00,0x20,0x00,0x24,0x00,0x1C,0x00,/*"y",89*/
0x00,0x00,0x00,0x00,0x00,0x00,0x00,0x00,0x00,0x00,0x00,0x00,0x00,0x00,0x00,0x00,0x00,0x00,0x00,0x00,0xFC,0x01,0x84,0x01,0xC4,0x00,0x44,0x00,0x60,0x00,0x20,0x00,0x30,0x00,0x18,0x02,0x08,0x02,0x0C,0x03,0xFC,0x01,0x00,0x00,0x00,0x00,0x00,0x00,/*"z",90*/
0x00,0x00,0x00,0x00,0x00,0x03,0x80,0x00,0x80,0x00,0x80,0x00,0x80,0x00,0x80,0x00,0x80,0x00,0x80,0x00,0x80,0x00,0x40,0x00,0x20,0x00,0x40,0x00,0x80,0x00,0x80,0x00,0x80,0x00,0x80,0x00,0x80,0x00,0x80,0x00,0x80,0x00,0x80,0x00,0x00,0x03,0x00,0x00,/*"{",91*/
0x40,0x00,0x40,0x00,0x40,0x00,0x40,0x00,0x40,0x00,0x40,0x00,0x40,0x00,0x40,0x00,0x40,0x00,0x40,0x00,0x40,0x00,0x40,0x00,0x40,0x00,0x40,0x00,0x40,0x00,0x40,0x00,0x40,0x00,0x40,0x00,0x40,0x00,0x40,0x00,0x40,0x00,0x40,0x00,0x40,0x00,0x40,0x00,/*"|",92*/
0x00,0x00,0x00,0x00,0x0C,0x00,0x10,0x00,0x10,0x00,0x10,0x00,0x10,0x00,0x10,0x00,0x10,0x00,0x10,0x00,0x10,0x00,0x20,0x00,0x40,0x00,0x20,0x00,0x10,0x00,0x10,0x00,0x10,0x00,0x10,0x00,0x10,0x00,0x10,0x00,0x10,0x00,0x10,0x00,0x0C,0x00,0x00,0x00,/*"}",93*/
0x00,0x00,0x1C,0x00,0x22,0x04,0xC2,0x04,0x80,0x03,0x00,0x00,0x00,0x00,0x00,0x00,0x00,0x00,0x00,0x00,0x00,0x00,0x00,0x00,0x00,0x00,0x00,0x00,0x00,0x00,0x00,0x00,0x00,0x00,0x00,0x00,0x00,0x00,0x00,0x00,0x00,0x00,0x00,0x00,0x00,0x00,0x00,0x00,/*"~",94*/
};

const uint8_t ASCII_2010_Table [] = 
{
	0x00,0x00,0x00,0x00,0x00,0x00,0x00,0x00,0x00,0x00,0x00,0x00,0x00,0x00,0x00,0x00,0x00,0x00,0x00,0x00,0x00,0x00,0x00,0x00,0x00,0x00,0x00,0x00,0x00,0x00,0x00,0x00,0x00,0x00,0x00,0x00,0x00,0x00,0x00,0x00,/*" ",0*/

	0x00,0x00,0x00,0x00,0x00,0x00,0x30,0x00,0x30,0x00,0x30,0x00,0x30,0x00,0x30,0x00,0x20,0x00,0x20,0x00,0x20,0x00,0x20,0x00,0x20,0x00,0x00,0x00,0x00,0x00,0x30,0x00,0x30,0x00,0x00,0x00,0x00,0x00,0x00,0x00,/*"!",1*/

	0x00,0x00,0xD8,0x00,0xD8,0x00,0x6C,0x00,0x24,0x00,0x12,0x00,0x00,0x00,0x00,0x00,0x00,0x00,0x00,0x00,0x00,0x00,0x00,0x00,0x00,0x00,0x00,0x00,0x00,0x00,0x00,0x00,0x00,0x00,0x00,0x00,0x00,0x00,0x00,0x00,/*""",2*/

	0x00,0x00,0x00,0x00,0x00,0x00,0x00,0x00,0x84,0x00,0x84,0x00,0x84,0x00,0xFF,0x01,0x84,0x00,0x84,0x00,0xC6,0x00,0x42,0x00,0x42,0x00,0xFF,0x01,0x42,0x00,0x42,0x00,0x42,0x00,0x00,0x00,0x00,0x00,0x00,0x00,/*"#",3*/

	0x00,0x00,0x00,0x00,0x00,0x00,0x20,0x00,0xF8,0x00,0x24,0x01,0x24,0x01,0xA4,0x01,0x28,0x00,0x30,0x00,0x60,0x00,0xA0,0x00,0x20,0x01,0x2C,0x01,0x24,0x01,0x24,0x01,0xF8,0x00,0x20,0x00,0x20,0x00,0x00,0x00,/*"$",4*/

	0x00,0x00,0x00,0x00,0x00,0x00,0x00,0x00,0x86,0x00,0x49,0x00,0x49,0x00,0x29,0x00,0x29,0x00,0x19,0x00,0xD6,0x00,0x28,0x01,0x28,0x01,0x28,0x01,0x24,0x01,0x24,0x01,0xC2,0x00,0x00,0x00,0x00,0x00,0x00,0x00,/*"%",5*/

	0x00,0x00,0x00,0x00,0x00,0x00,0x00,0x00,0x0C,0x00,0x12,0x00,0x12,0x00,0x12,0x00,0xEA,0x00,0x46,0x00,0x46,0x00,0x25,0x00,0x29,0x00,0x39,0x00,0x11,0x00,0x32,0x01,0xCC,0x00,0x00,0x00,0x00,0x00,0x00,0x00,/*"&",6*/

	0x00,0x00,0x06,0x00,0x06,0x00,0x04,0x00,0x02,0x00,0x01,0x00,0x00,0x00,0x00,0x00,0x00,0x00,0x00,0x00,0x00,0x00,0x00,0x00,0x00,0x00,0x00,0x00,0x00,0x00,0x00,0x00,0x00,0x00,0x00,0x00,0x00,0x00,0x00,0x00,/*"'",7*/

	0x00,0x00,0x00,0x01,0x80,0x00,0x40,0x00,0x20,0x00,0x20,0x00,0x20,0x00,0x10,0x00,0x10,0x00,0x10,0x00,0x10,0x00,0x10,0x00,0x10,0x00,0x20,0x00,0x20,0x00,0x20,0x00,0x40,0x00,0x80,0x00,0x00,0x01,0x00,0x00,/*"(",8*/

	0x00,0x00,0x01,0x00,0x02,0x00,0x04,0x00,0x08,0x00,0x08,0x00,0x08,0x00,0x10,0x00,0x10,0x00,0x10,0x00,0x10,0x00,0x10,0x00,0x10,0x00,0x08,0x00,0x08,0x00,0x08,0x00,0x04,0x00,0x02,0x00,0x01,0x00,0x00,0x00,/*")",9*/

	0x00,0x00,0x00,0x00,0x00,0x00,0x00,0x00,0x00,0x00,0x20,0x00,0x20,0x00,0x26,0x03,0xAE,0x03,0x70,0x00,0x70,0x00,0xAE,0x03,0x26,0x03,0x20,0x00,0x20,0x00,0x00,0x00,0x00,0x00,0x00,0x00,0x00,0x00,0x00,0x00,/*"*",10*/

	0x00,0x00,0x00,0x00,0x00,0x00,0x00,0x00,0x00,0x00,0x10,0x00,0x10,0x00,0x10,0x00,0x10,0x00,0xFF,0x01,0x10,0x00,0x10,0x00,0x10,0x00,0x10,0x00,0x00,0x00,0x00,0x00,0x00,0x00,0x00,0x00,0x00,0x00,0x00,0x00,/*"+",11*/

	0x00,0x00,0x00,0x00,0x00,0x00,0x00,0x00,0x00,0x00,0x00,0x00,0x00,0x00,0x00,0x00,0x00,0x00,0x00,0x00,0x00,0x00,0x00,0x00,0x00,0x00,0x00,0x00,0x00,0x00,0x06,0x00,0x06,0x00,0x04,0x00,0x02,0x00,0x01,0x00,/*",",12*/

	0x00,0x00,0x00,0x00,0x00,0x00,0x00,0x00,0x00,0x00,0x00,0x00,0x00,0x00,0x00,0x00,0x00,0x00,0xFE,0x03,0x00,0x00,0x00,0x00,0x00,0x00,0x00,0x00,0x00,0x00,0x00,0x00,0x00,0x00,0x00,0x00,0x00,0x00,0x00,0x00,/*"-",13*/

	0x00,0x00,0x00,0x00,0x00,0x00,0x00,0x00,0x00,0x00,0x00,0x00,0x00,0x00,0x00,0x00,0x00,0x00,0x00,0x00,0x00,0x00,0x00,0x00,0x00,0x00,0x00,0x00,0x00,0x00,0x06,0x00,0x06,0x00,0x00,0x00,0x00,0x00,0x00,0x00,/*".",14*/

	0x00,0x00,0x00,0x02,0x00,0x01,0x00,0x01,0x80,0x00,0x80,0x00,0xC0,0x00,0x40,0x00,0x60,0x00,0x20,0x00,0x30,0x00,0x10,0x00,0x18,0x00,0x08,0x00,0x08,0x00,0x04,0x00,0x04,0x00,0x02,0x00,0x00,0x00,0x00,0x00,/*"/",15*/

	0x00,0x00,0x00,0x00,0x00,0x00,0x00,0x00,0x78,0x00,0x84,0x00,0x84,0x00,0x02,0x01,0x02,0x01,0x02,0x01,0x02,0x01,0x02,0x01,0x02,0x01,0x02,0x01,0x84,0x00,0x84,0x00,0x78,0x00,0x00,0x00,0x00,0x00,0x00,0x00,/*"0",16*/

	0x00,0x00,0x00,0x00,0x00,0x00,0x00,0x00,0x10,0x00,0x1C,0x00,0x10,0x00,0x10,0x00,0x10,0x00,0x10,0x00,0x10,0x00,0x10,0x00,0x10,0x00,0x10,0x00,0x10,0x00,0x10,0x00,0x7C,0x00,0x00,0x00,0x00,0x00,0x00,0x00,/*"1",17*/

	0x00,0x00,0x00,0x00,0x00,0x00,0x00,0x00,0x7C,0x00,0x82,0x00,0x02,0x01,0x02,0x01,0x02,0x01,0x80,0x00,0x40,0x00,0x20,0x00,0x10,0x00,0x08,0x00,0x04,0x01,0x02,0x01,0xFE,0x01,0x00,0x00,0x00,0x00,0x00,0x00,/*"2",18*/

	0x00,0x00,0x00,0x00,0x00,0x00,0x00,0x00,0x3C,0x00,0x42,0x00,0x82,0x00,0x82,0x00,0x40,0x00,0x70,0x00,0x80,0x00,0x00,0x01,0x00,0x01,0x02,0x01,0x02,0x01,0x82,0x00,0x7C,0x00,0x00,0x00,0x00,0x00,0x00,0x00,/*"3",19*/

	0x00,0x00,0x00,0x00,0x00,0x00,0x40,0x00,0x40,0x00,0x60,0x00,0x50,0x00,0x48,0x00,0x48,0x00,0x44,0x00,0x42,0x00,0x42,0x00,0xFE,0x01,0x40,0x00,0x40,0x00,0x40,0x00,0xF0,0x01,0x00,0x00,0x00,0x00,0x00,0x00,/*"4",20*/

	0x00,0x00,0x00,0x00,0x00,0x00,0x00,0x00,0xFC,0x01,0x04,0x00,0x04,0x00,0x04,0x00,0x04,0x00,0x74,0x00,0x8C,0x00,0x00,0x01,0x00,0x01,0x02,0x01,0x02,0x01,0x82,0x00,0x7C,0x00,0x00,0x00,0x00,0x00,0x00,0x00,/*"5",21*/

	0x00,0x00,0x00,0x00,0x00,0x00,0x00,0x00,0xF0,0x00,0x08,0x01,0x04,0x01,0x04,0x00,0x02,0x00,0x7A,0x00,0x86,0x00,0x02,0x01,0x02,0x01,0x02,0x01,0x04,0x01,0x84,0x00,0x78,0x00,0x00,0x00,0x00,0x00,0x00,0x00,/*"6",22*/

	0x00,0x00,0x00,0x00,0x00,0x00,0x00,0x00,0xFE,0x01,0x82,0x00,0x42,0x00,0x40,0x00,0x20,0x00,0x10,0x00,0x10,0x00,0x08,0x00,0x08,0x00,0x08,0x00,0x08,0x00,0x08,0x00,0x08,0x00,0x00,0x00,0x00,0x00,0x00,0x00,/*"7",23*/

	0x00,0x00,0x00,0x00,0x00,0x00,0x00,0x00,0x78,0x00,0x84,0x00,0x02,0x01,0x02,0x01,0x02,0x01,0x84,0x00,0x78,0x00,0x84,0x00,0x02,0x01,0x02,0x01,0x02,0x01,0x84,0x00,0x78,0x00,0x00,0x00,0x00,0x00,0x00,0x00,/*"8",24*/

	0x00,0x00,0x00,0x00,0x00,0x00,0x00,0x00,0x78,0x00,0x84,0x00,0x82,0x00,0x02,0x01,0x02,0x01,0x02,0x01,0x84,0x01,0x78,0x01,0x00,0x01,0x80,0x00,0x82,0x00,0x42,0x00,0x3C,0x00,0x00,0x00,0x00,0x00,0x00,0x00,/*"9",25*/

	0x00,0x00,0x00,0x00,0x00,0x00,0x00,0x00,0x00,0x00,0x00,0x00,0x00,0x00,0x30,0x00,0x30,0x00,0x00,0x00,0x00,0x00,0x00,0x00,0x00,0x00,0x00,0x00,0x00,0x00,0x30,0x00,0x30,0x00,0x00,0x00,0x00,0x00,0x00,0x00,/*":",26*/

	0x00,0x00,0x00,0x00,0x00,0x00,0x00,0x00,0x00,0x00,0x00,0x00,0x00,0x00,0x00,0x00,0x10,0x00,0x00,0x00,0x00,0x00,0x00,0x00,0x00,0x00,0x00,0x00,0x00,0x00,0x00,0x00,0x10,0x00,0x10,0x00,0x10,0x00,0x10,0x00,/*";",27*/

	0x00,0x00,0x00,0x00,0x00,0x00,0x80,0x00,0x40,0x00,0x20,0x00,0x10,0x00,0x08,0x00,0x04,0x00,0x02,0x00,0x04,0x00,0x08,0x00,0x10,0x00,0x20,0x00,0x40,0x00,0x80,0x00,0x00,0x00,0x00,0x00,0x00,0x00,0x00,0x00,/*"<",28*/

	0x00,0x00,0x00,0x00,0x00,0x00,0x00,0x00,0x00,0x00,0x00,0x00,0x00,0x00,0xFF,0x01,0x00,0x00,0x00,0x00,0x00,0x00,0xFF,0x01,0x00,0x00,0x00,0x00,0x00,0x00,0x00,0x00,0x00,0x00,0x00,0x00,0x00,0x00,0x00,0x00,/*"=",29*/

	0x00,0x00,0x00,0x00,0x00,0x00,0x02,0x00,0x04,0x00,0x08,0x00,0x10,0x00,0x20,0x00,0x40,0x00,0x80,0x00,0x40,0x00,0x20,0x00,0x10,0x00,0x08,0x00,0x04,0x00,0x02,0x00,0x00,0x00,0x00,0x00,0x00,0x00,0x00,0x00,/*">",30*/

	0x00,0x00,0x00,0x00,0x00,0x00,0x78,0x00,0x84,0x00,0x02,0x01,0x06,0x01,0x06,0x01,0x00,0x01,0x80,0x00,0x40,0x00,0x20,0x00,0x20,0x00,0x20,0x00,0x00,0x00,0x30,0x00,0x30,0x00,0x00,0x00,0x00,0x00,0x00,0x00,/*"?",31*/

	0x00,0x00,0x00,0x00,0x00,0x00,0x00,0x00,0x78,0x00,0xC4,0x00,0xF2,0x01,0x59,0x01,0x49,0x01,0x45,0x01,0x25,0x01,0x25,0x01,0xA5,0x00,0xD9,0x00,0x02,0x01,0x84,0x00,0x78,0x00,0x00,0x00,0x00,0x00,0x00,0x00,/*"@",32*/

	0x00,0x00,0x00,0x00,0x00,0x00,0x00,0x00,0x10,0x00,0x10,0x00,0x28,0x00,0x28,0x00,0x28,0x00,0x28,0x00,0x44,0x00,0x44,0x00,0x7C,0x00,0x44,0x00,0x82,0x00,0x82,0x00,0xC7,0x01,0x00,0x00,0x00,0x00,0x00,0x00,/*"A",33*/

	0x00,0x00,0x00,0x00,0x00,0x00,0x00,0x00,0x3F,0x00,0x42,0x00,0x42,0x00,0x42,0x00,0x22,0x00,0x3E,0x00,0x42,0x00,0x82,0x00,0x82,0x00,0x82,0x00,0x82,0x00,0x42,0x00,0x3F,0x00,0x00,0x00,0x00,0x00,0x00,0x00,/*"B",34*/

	0x00,0x00,0x00,0x00,0x00,0x00,0x00,0x00,0x78,0x01,0x84,0x01,0x02,0x01,0x02,0x01,0x01,0x00,0x01,0x00,0x01,0x00,0x01,0x00,0x01,0x00,0x01,0x01,0x02,0x01,0x86,0x00,0x78,0x00,0x00,0x00,0x00,0x00,0x00,0x00,/*"C",35*/

	0x00,0x00,0x00,0x00,0x00,0x00,0x00,0x00,0x3F,0x00,0xC2,0x00,0x82,0x00,0x02,0x01,0x02,0x01,0x02,0x01,0x02,0x01,0x02,0x01,0x02,0x01,0x02,0x01,0x82,0x00,0x42,0x00,0x3F,0x00,0x00,0x00,0x00,0x00,0x00,0x00,/*"D",36*/

	0x00,0x00,0x00,0x00,0x00,0x00,0x00,0x00,0xFF,0x00,0x82,0x00,0x02,0x01,0x42,0x00,0x42,0x00,0x7E,0x00,0x42,0x00,0x42,0x00,0x02,0x00,0x02,0x00,0x02,0x01,0x82,0x00,0xFF,0x00,0x00,0x00,0x00,0x00,0x00,0x00,/*"E",37*/

	0x00,0x00,0x00,0x00,0x00,0x00,0x00,0x00,0xFF,0x00,0x82,0x00,0x02,0x01,0x42,0x00,0x42,0x00,0x7E,0x00,0x42,0x00,0x42,0x00,0x02,0x00,0x02,0x00,0x02,0x00,0x02,0x00,0x07,0x00,0x00,0x00,0x00,0x00,0x00,0x00,/*"F",38*/

	0x00,0x00,0x00,0x00,0x00,0x00,0x00,0x00,0x70,0x01,0x88,0x01,0x04,0x01,0x02,0x01,0x02,0x00,0x02,0x00,0x02,0x00,0x82,0x03,0x02,0x01,0x02,0x01,0x04,0x01,0x0C,0x01,0xF0,0x00,0x00,0x00,0x00,0x00,0x00,0x00,/*"G",39*/

	0x00,0x00,0x00,0x00,0x00,0x00,0x00,0x00,0xC7,0x01,0x82,0x00,0x82,0x00,0x82,0x00,0x82,0x00,0x82,0x00,0xFE,0x00,0x82,0x00,0x82,0x00,0x82,0x00,0x82,0x00,0x82,0x00,0xC7,0x01,0x00,0x00,0x00,0x00,0x00,0x00,/*"H",40*/

	0x00,0x00,0x00,0x00,0x00,0x00,0x00,0x00,0xFE,0x00,0x10,0x00,0x10,0x00,0x10,0x00,0x10,0x00,0x10,0x00,0x10,0x00,0x10,0x00,0x10,0x00,0x10,0x00,0x10,0x00,0x10,0x00,0xFE,0x00,0x00,0x00,0x00,0x00,0x00,0x00,/*"I",41*/

	0x00,0x00,0x00,0x00,0x00,0x00,0x00,0x00,0xFC,0x01,0x20,0x00,0x20,0x00,0x20,0x00,0x20,0x00,0x20,0x00,0x20,0x00,0x20,0x00,0x20,0x00,0x20,0x00,0x20,0x00,0x20,0x00,0x21,0x00,0x11,0x00,0x0E,0x00,0x00,0x00,/*"J",42*/

	0x00,0x00,0x00,0x00,0x00,0x00,0x00,0x00,0xE7,0x01,0x42,0x00,0x22,0x00,0x22,0x00,0x12,0x00,0x1A,0x00,0x16,0x00,0x22,0x00,0x22,0x00,0x42,0x00,0x42,0x00,0x82,0x00,0xC7,0x01,0x00,0x00,0x00,0x00,0x00,0x00,/*"K",43*/

	0x00,0x00,0x00,0x00,0x00,0x00,0x00,0x00,0x07,0x00,0x02,0x00,0x02,0x00,0x02,0x00,0x02,0x00,0x02,0x00,0x02,0x00,0x02,0x00,0x02,0x00,0x02,0x00,0x02,0x01,0x82,0x00,0xFF,0x00,0x00,0x00,0x00,0x00,0x00,0x00,/*"L",44*/

	0x00,0x00,0x00,0x00,0x00,0x00,0x00,0x00,0xC7,0x01,0xC6,0x00,0xC6,0x00,0xC6,0x00,0xAA,0x00,0xAA,0x00,0xAA,0x00,0xAA,0x00,0xAA,0x00,0x92,0x00,0x92,0x00,0x92,0x00,0xD7,0x01,0x00,0x00,0x00,0x00,0x00,0x00,/*"M",45*/

	0x00,0x00,0x00,0x00,0x00,0x00,0x00,0x00,0xC7,0x01,0x86,0x00,0x8A,0x00,0x8A,0x00,0x8A,0x00,0x92,0x00,0x92,0x00,0xA2,0x00,0xA2,0x00,0xC2,0x00,0xC2,0x00,0xC2,0x00,0x87,0x00,0x00,0x00,0x00,0x00,0x00,0x00,/*"N",46*/

	0x00,0x00,0x00,0x00,0x00,0x00,0x00,0x00,0x38,0x00,0xC6,0x00,0x82,0x00,0x01,0x01,0x01,0x01,0x01,0x01,0x01,0x01,0x01,0x01,0x01,0x01,0x01,0x01,0x82,0x00,0xC6,0x00,0x38,0x00,0x00,0x00,0x00,0x00,0x00,0x00,/*"O",47*/

	0x00,0x00,0x00,0x00,0x00,0x00,0x00,0x00,0x7F,0x00,0x82,0x00,0x02,0x01,0x02,0x01,0x02,0x01,0x82,0x00,0x7E,0x00,0x02,0x00,0x02,0x00,0x02,0x00,0x02,0x00,0x02,0x00,0x07,0x00,0x00,0x00,0x00,0x00,0x00,0x00,/*"P",48*/

	0x00,0x00,0x00,0x00,0x00,0x00,0x00,0x00,0x38,0x00,0xC6,0x00,0x82,0x00,0x01,0x01,0x01,0x01,0x01,0x01,0x01,0x01,0x01,0x01,0x01,0x01,0x19,0x01,0xA6,0x00,0xA6,0x00,0x78,0x00,0x40,0x01,0xC0,0x00,0x00,0x00,/*"Q",49*/

	0x00,0x00,0x00,0x00,0x00,0x00,0x00,0x00,0x3F,0x00,0x42,0x00,0x82,0x00,0x82,0x00,0x42,0x00,0x3E,0x00,0x12,0x00,0x22,0x00,0x22,0x00,0x42,0x00,0x42,0x00,0x82,0x00,0x87,0x01,0x00,0x00,0x00,0x00,0x00,0x00,/*"R",50*/

	0x00,0x00,0x00,0x00,0x00,0x00,0x00,0x00,0x78,0x01,0x84,0x01,0x02,0x01,0x02,0x00,0x02,0x00,0x0C,0x00,0x70,0x00,0x80,0x00,0x00,0x01,0x02,0x01,0x02,0x01,0x86,0x00,0x7A,0x00,0x00,0x00,0x00,0x00,0x00,0x00,/*"S",51*/

	0x00,0x00,0x00,0x00,0x00,0x00,0x00,0x00,0xFE,0x00,0x11,0x01,0x11,0x01,0x10,0x00,0x10,0x00,0x10,0x00,0x10,0x00,0x10,0x00,0x10,0x00,0x10,0x00,0x10,0x00,0x10,0x00,0x38,0x00,0x00,0x00,0x00,0x00,0x00,0x00,/*"T",52*/

	0x00,0x00,0x00,0x00,0x00,0x00,0x00,0x00,0xC7,0x01,0x82,0x00,0x82,0x00,0x82,0x00,0x82,0x00,0x82,0x00,0x82,0x00,0x82,0x00,0x82,0x00,0x82,0x00,0x82,0x00,0x44,0x00,0x38,0x00,0x00,0x00,0x00,0x00,0x00,0x00,/*"U",53*/

	0x00,0x00,0x00,0x00,0x00,0x00,0x00,0x00,0xC7,0x01,0x82,0x00,0x82,0x00,0x44,0x00,0x44,0x00,0x44,0x00,0x44,0x00,0x28,0x00,0x28,0x00,0x28,0x00,0x38,0x00,0x10,0x00,0x10,0x00,0x00,0x00,0x00,0x00,0x00,0x00,/*"V",54*/

	0x00,0x00,0x00,0x00,0x00,0x00,0x00,0x00,0xBB,0x01,0x92,0x00,0x92,0x00,0x92,0x00,0x92,0x00,0xAA,0x00,0xAA,0x00,0xAA,0x00,0x6A,0x00,0x44,0x00,0x44,0x00,0x44,0x00,0x44,0x00,0x00,0x00,0x00,0x00,0x00,0x00,/*"W",55*/

	0x00,0x00,0x00,0x00,0x00,0x00,0x00,0x00,0xCE,0x01,0x84,0x00,0x44,0x00,0x48,0x00,0x28,0x00,0x30,0x00,0x10,0x00,0x30,0x00,0x28,0x00,0x48,0x00,0x48,0x00,0x84,0x00,0xCE,0x01,0x00,0x00,0x00,0x00,0x00,0x00,/*"X",56*/

	0x00,0x00,0x00,0x00,0x00,0x00,0x00,0x00,0xC7,0x01,0x82,0x00,0x44,0x00,0x44,0x00,0x28,0x00,0x28,0x00,0x10,0x00,0x10,0x00,0x10,0x00,0x10,0x00,0x10,0x00,0x10,0x00,0x38,0x00,0x00,0x00,0x00,0x00,0x00,0x00,/*"Y",57*/

	0x00,0x00,0x00,0x00,0x00,0x00,0x00,0x00,0xFC,0x01,0x84,0x00,0x82,0x00,0x40,0x00,0x40,0x00,0x20,0x00,0x10,0x00,0x10,0x00,0x08,0x00,0x08,0x00,0x04,0x01,0x84,0x00,0xFE,0x00,0x00,0x00,0x00,0x00,0x00,0x00,/*"Z",58*/

	0x00,0x00,0xF0,0x01,0x10,0x00,0x10,0x00,0x10,0x00,0x10,0x00,0x10,0x00,0x10,0x00,0x10,0x00,0x10,0x00,0x10,0x00,0x10,0x00,0x10,0x00,0x10,0x00,0x10,0x00,0x10,0x00,0x10,0x00,0xF0,0x01,0x00,0x00,0x00,0x00,/*"[",59*/

	0x00,0x00,0x00,0x00,0x02,0x00,0x04,0x00,0x04,0x00,0x08,0x00,0x08,0x00,0x08,0x00,0x10,0x00,0x10,0x00,0x20,0x00,0x20,0x00,0x20,0x00,0x40,0x00,0x40,0x00,0x80,0x00,0x80,0x00,0x80,0x00,0x00,0x01,0x00,0x00,/*"\",60*/

	0x00,0x00,0x3E,0x00,0x20,0x00,0x20,0x00,0x20,0x00,0x20,0x00,0x20,0x00,0x20,0x00,0x20,0x00,0x20,0x00,0x20,0x00,0x20,0x00,0x20,0x00,0x20,0x00,0x20,0x00,0x20,0x00,0x20,0x00,0x3E,0x00,0x00,0x00,0x00,0x00,/*"]",61*/

	0x00,0x00,0x38,0x00,0x28,0x00,0x44,0x00,0x00,0x00,0x00,0x00,0x00,0x00,0x00,0x00,0x00,0x00,0x00,0x00,0x00,0x00,0x00,0x00,0x00,0x00,0x00,0x00,0x00,0x00,0x00,0x00,0x00,0x00,0x00,0x00,0x00,0x00,0x00,0x00,/*"^",62*/

	0x00,0x00,0x00,0x00,0x00,0x00,0x00,0x00,0x00,0x00,0x00,0x00,0x00,0x00,0x00,0x00,0x00,0x00,0x00,0x00,0x00,0x00,0x00,0x00,0x00,0x00,0x00,0x00,0x00,0x00,0x00,0x00,0x00,0x00,0x00,0x00,0x00,0x00,0xFF,0x03,/*"_",63*/

	0x00,0x00,0x18,0x00,0x20,0x00,0x00,0x00,0x00,0x00,0x00,0x00,0x00,0x00,0x00,0x00,0x00,0x00,0x00,0x00,0x00,0x00,0x00,0x00,0x00,0x00,0x00,0x00,0x00,0x00,0x00,0x00,0x00,0x00,0x00,0x00,0x00,0x00,0x00,0x00,/*"`",64*/

	0x00,0x00,0x00,0x00,0x00,0x00,0x00,0x00,0x00,0x00,0x00,0x00,0x00,0x00,0x00,0x00,0x7C,0x00,0x82,0x00,0x82,0x00,0xF0,0x00,0x8C,0x00,0x82,0x00,0x82,0x00,0xC2,0x02,0xBC,0x03,0x00,0x00,0x00,0x00,0x00,0x00,/*"a",65*/

	0x00,0x00,0x00,0x00,0x00,0x00,0x00,0x00,0x03,0x00,0x02,0x00,0x02,0x00,0x02,0x00,0x3A,0x00,0x46,0x00,0x82,0x00,0x82,0x00,0x82,0x00,0x82,0x00,0x82,0x00,0x46,0x00,0x3A,0x00,0x00,0x00,0x00,0x00,0x00,0x00,/*"b",66*/

	0x00,0x00,0x00,0x00,0x00,0x00,0x00,0x00,0x00,0x00,0x00,0x00,0x00,0x00,0x00,0x00,0x78,0x00,0x84,0x00,0x82,0x00,0x02,0x00,0x02,0x00,0x02,0x00,0x02,0x01,0x84,0x00,0x78,0x00,0x00,0x00,0x00,0x00,0x00,0x00,/*"c",67*/

	0x00,0x00,0x00,0x00,0x00,0x00,0x00,0x00,0xC0,0x00,0x80,0x00,0x80,0x00,0x80,0x00,0xB8,0x00,0xC4,0x00,0x82,0x00,0x82,0x00,0x82,0x00,0x82,0x00,0x82,0x00,0xC4,0x00,0xB8,0x01,0x00,0x00,0x00,0x00,0x00,0x00,/*"d",68*/

	0x00,0x00,0x00,0x00,0x00,0x00,0x00,0x00,0x00,0x00,0x00,0x00,0x00,0x00,0x00,0x00,0x78,0x00,0x84,0x00,0x02,0x01,0xFE,0x01,0x02,0x00,0x02,0x00,0x02,0x01,0x84,0x00,0x78,0x00,0x00,0x00,0x00,0x00,0x00,0x00,/*"e",69*/

	0x00,0x00,0x00,0x00,0x00,0x00,0x00,0x00,0xE0,0x01,0x10,0x02,0x10,0x00,0x10,0x00,0xFC,0x00,0x10,0x00,0x10,0x00,0x10,0x00,0x10,0x00,0x10,0x00,0x10,0x00,0x10,0x00,0xFC,0x00,0x00,0x00,0x00,0x00,0x00,0x00,/*"f",70*/

	0x00,0x00,0x00,0x00,0x00,0x00,0x00,0x00,0x00,0x00,0x00,0x00,0x00,0x00,0x00,0x00,0xF8,0x01,0x84,0x00,0x84,0x00,0x84,0x00,0x84,0x00,0x78,0x00,0x04,0x00,0x7C,0x00,0x84,0x01,0x02,0x01,0x02,0x01,0xFC,0x00,/*"g",71*/

	0x00,0x00,0x00,0x00,0x00,0x00,0x00,0x00,0x03,0x00,0x02,0x00,0x02,0x00,0x02,0x00,0x7A,0x00,0x86,0x00,0x82,0x00,0x82,0x00,0x82,0x00,0x82,0x00,0x82,0x00,0x82,0x00,0xC7,0x01,0x00,0x00,0x00,0x00,0x00,0x00,/*"h",72*/

	0x00,0x00,0x00,0x00,0x00,0x00,0x00,0x00,0x18,0x00,0x18,0x00,0x00,0x00,0x00,0x00,0x1C,0x00,0x10,0x00,0x10,0x00,0x10,0x00,0x10,0x00,0x10,0x00,0x10,0x00,0x10,0x00,0x7C,0x00,0x00,0x00,0x00,0x00,0x00,0x00,/*"i",73*/

	0x00,0x00,0x00,0x00,0x00,0x00,0x00,0x00,0x60,0x00,0x60,0x00,0x00,0x00,0x00,0x00,0x70,0x00,0x40,0x00,0x40,0x00,0x40,0x00,0x40,0x00,0x40,0x00,0x40,0x00,0x40,0x00,0x40,0x00,0x40,0x00,0x22,0x00,0x1E,0x00,/*"j",74*/

	0x00,0x00,0x00,0x00,0x00,0x00,0x00,0x00,0x03,0x00,0x02,0x00,0x02,0x00,0x02,0x00,0xE2,0x00,0x22,0x00,0x12,0x00,0x0A,0x00,0x16,0x00,0x22,0x00,0x42,0x00,0x82,0x00,0xC7,0x01,0x00,0x00,0x00,0x00,0x00,0x00,/*"k",75*/

	0x00,0x00,0x00,0x00,0x00,0x00,0x00,0x00,0x1E,0x00,0x10,0x00,0x10,0x00,0x10,0x00,0x10,0x00,0x10,0x00,0x10,0x00,0x10,0x00,0x10,0x00,0x10,0x00,0x10,0x00,0x10,0x00,0xFE,0x00,0x00,0x00,0x00,0x00,0x00,0x00,/*"l",76*/

	0x00,0x00,0x00,0x00,0x00,0x00,0x00,0x00,0x00,0x00,0x00,0x00,0x00,0x00,0x00,0x00,0x7F,0x00,0x92,0x00,0x92,0x00,0x92,0x00,0x92,0x00,0x92,0x00,0x92,0x00,0x92,0x00,0xB7,0x01,0x00,0x00,0x00,0x00,0x00,0x00,/*"m",77*/

	0x00,0x00,0x00,0x00,0x00,0x00,0x00,0x00,0x00,0x00,0x00,0x00,0x00,0x00,0x00,0x00,0x7B,0x00,0x86,0x00,0x82,0x00,0x82,0x00,0x82,0x00,0x82,0x00,0x82,0x00,0x82,0x00,0xC7,0x01,0x00,0x00,0x00,0x00,0x00,0x00,/*"n",78*/

	0x00,0x00,0x00,0x00,0x00,0x00,0x00,0x00,0x00,0x00,0x00,0x00,0x00,0x00,0x00,0x00,0x78,0x00,0x84,0x00,0x02,0x01,0x02,0x01,0x02,0x01,0x02,0x01,0x02,0x01,0x84,0x00,0x78,0x00,0x00,0x00,0x00,0x00,0x00,0x00,/*"o",79*/

	0x00,0x00,0x00,0x00,0x00,0x00,0x00,0x00,0x00,0x00,0x00,0x00,0x00,0x00,0x00,0x00,0x3B,0x00,0x46,0x00,0x82,0x00,0x82,0x00,0x82,0x00,0x82,0x00,0x82,0x00,0x46,0x00,0x3A,0x00,0x02,0x00,0x02,0x00,0x07,0x00,/*"p",80*/

	0x00,0x00,0x00,0x00,0x00,0x00,0x00,0x00,0x00,0x00,0x00,0x00,0x00,0x00,0x00,0x00,0xB8,0x00,0xC4,0x00,0x82,0x00,0x82,0x00,0x82,0x00,0x82,0x00,0x82,0x00,0xC4,0x00,0xB8,0x00,0x80,0x00,0x80,0x00,0xC0,0x01,/*"q",81*/

	0x00,0x00,0x00,0x00,0x00,0x00,0x00,0x00,0x00,0x00,0x00,0x00,0x00,0x00,0x00,0x00,0xCE,0x01,0x28,0x01,0x18,0x00,0x08,0x00,0x08,0x00,0x08,0x00,0x08,0x00,0x08,0x00,0x3E,0x00,0x00,0x00,0x00,0x00,0x00,0x00,/*"r",82*/

	0x00,0x00,0x00,0x00,0x00,0x00,0x00,0x00,0x00,0x00,0x00,0x00,0x00,0x00,0x00,0x00,0xBC,0x00,0xC2,0x00,0x82,0x00,0x06,0x00,0x38,0x00,0xC0,0x00,0x82,0x00,0x86,0x00,0x7A,0x00,0x00,0x00,0x00,0x00,0x00,0x00,/*"s",83*/

	0x00,0x00,0x00,0x00,0x00,0x00,0x00,0x00,0x00,0x00,0x10,0x00,0x10,0x00,0x10,0x00,0xFC,0x00,0x10,0x00,0x10,0x00,0x10,0x00,0x10,0x00,0x10,0x00,0x10,0x00,0x90,0x00,0x60,0x00,0x00,0x00,0x00,0x00,0x00,0x00,/*"t",84*/

	0x00,0x00,0x00,0x00,0x00,0x00,0x00,0x00,0x00,0x00,0x00,0x00,0x00,0x00,0x00,0x00,0xC3,0x00,0x82,0x00,0x82,0x00,0x82,0x00,0x82,0x00,0x82,0x00,0x82,0x00,0xC2,0x00,0xBC,0x01,0x00,0x00,0x00,0x00,0x00,0x00,/*"u",85*/

	0x00,0x00,0x00,0x00,0x00,0x00,0x00,0x00,0x00,0x00,0x00,0x00,0x00,0x00,0x00,0x00,0xC7,0x01,0x82,0x00,0x44,0x00,0x44,0x00,0x44,0x00,0x28,0x00,0x28,0x00,0x10,0x00,0x10,0x00,0x00,0x00,0x00,0x00,0x00,0x00,/*"v",86*/

	0x00,0x00,0x00,0x00,0x00,0x00,0x00,0x00,0x00,0x00,0x00,0x00,0x00,0x00,0x00,0x00,0xBB,0x01,0x92,0x00,0x92,0x00,0x92,0x00,0xAA,0x00,0xAA,0x00,0x44,0x00,0x44,0x00,0x44,0x00,0x00,0x00,0x00,0x00,0x00,0x00,/*"w",87*/

	0x00,0x00,0x00,0x00,0x00,0x00,0x00,0x00,0x00,0x00,0x00,0x00,0x00,0x00,0x00,0x00,0xCE,0x01,0x84,0x00,0x48,0x00,0x30,0x00,0x30,0x00,0x30,0x00,0x48,0x00,0x84,0x00,0xCE,0x01,0x00,0x00,0x00,0x00,0x00,0x00,/*"x",88*/

	0x00,0x00,0x00,0x00,0x00,0x00,0x00,0x00,0x00,0x00,0x00,0x00,0x00,0x00,0x00,0x00,0xEE,0x01,0x84,0x00,0x88,0x00,0x48,0x00,0x48,0x00,0x50,0x00,0x30,0x00,0x20,0x00,0x10,0x00,0x10,0x00,0x10,0x00,0x0C,0x00,/*"y",89*/

	0x00,0x00,0x00,0x00,0x00,0x00,0x00,0x00,0x00,0x00,0x00,0x00,0x00,0x00,0x00,0x00,0xFE,0x00,0x42,0x00,0x22,0x00,0x20,0x00,0x10,0x00,0x08,0x00,0x84,0x00,0x82,0x00,0xFE,0x00,0x00,0x00,0x00,0x00,0x00,0x00,/*"z",90*/

	0x00,0x00,0x80,0x01,0x40,0x00,0x40,0x00,0x40,0x00,0x40,0x00,0x40,0x00,0x40,0x00,0x60,0x00,0x10,0x00,0x60,0x00,0x40,0x00,0x40,0x00,0x40,0x00,0x40,0x00,0x40,0x00,0x40,0x00,0x40,0x00,0x80,0x01,0x00,0x00,/*"{",91*/

	0x20,0x00,0x20,0x00,0x20,0x00,0x20,0x00,0x20,0x00,0x20,0x00,0x20,0x00,0x20,0x00,0x20,0x00,0x20,0x00,0x20,0x00,0x20,0x00,0x20,0x00,0x20,0x00,0x20,0x00,0x20,0x00,0x20,0x00,0x20,0x00,0x20,0x00,0x20,0x00,/*"|",92*/

	0x00,0x00,0x06,0x00,0x08,0x00,0x08,0x00,0x08,0x00,0x08,0x00,0x08,0x00,0x08,0x00,0x18,0x00,0x20,0x00,0x18,0x00,0x08,0x00,0x08,0x00,0x08,0x00,0x08,0x00,0x08,0x00,0x08,0x00,0x08,0x00,0x06,0x00,0x00,0x00,/*"}",93*/

	0x1C,0x00,0x26,0x02,0x22,0x03,0xC0,0x01,0x00,0x00,0x00,0x00,0x00,0x00,0x00,0x00,0x00,0x00,0x00,0x00,0x00,0x00,0x00,0x00,0x00,0x00,0x00,0x00,0x00,0x00,0x00,0x00,0x00,0x00,0x00,0x00,0x00,0x00,0x00,0x00,/*"~",94*/
};

const uint8_t ASCII_1608_Table [] = 
{
	0x00,0x00,0x00,0x00,0x00,0x00,0x00,0x00,0x00,0x00,0x00,0x00,0x00,0x00,0x00,0x00,/*" ",0*/

	0x00,0x00,0x00,0x08,0x08,0x08,0x08,0x08,0x08,0x08,0x00,0x00,0x18,0x18,0x00,0x00,/*"!",1*/

	0x00,0x48,0x6C,0x24,0x12,0x00,0x00,0x00,0x00,0x00,0x00,0x00,0x00,0x00,0x00,0x00,/*""",2*/

	0x00,0x00,0x00,0x24,0x24,0x24,0x7F,0x12,0x12,0x12,0x7F,0x12,0x12,0x12,0x00,0x00,/*"#",3*/

	0x00,0x00,0x08,0x1C,0x2A,0x2A,0x0A,0x0C,0x18,0x28,0x28,0x2A,0x2A,0x1C,0x08,0x08,/*"$",4*/

	0x00,0x00,0x00,0x22,0x25,0x15,0x15,0x15,0x2A,0x58,0x54,0x54,0x54,0x22,0x00,0x00,/*"%",5*/

	0x00,0x00,0x00,0x0C,0x12,0x12,0x12,0x0A,0x76,0x25,0x29,0x11,0x91,0x6E,0x00,0x00,/*"&",6*/

	0x00,0x06,0x06,0x04,0x03,0x00,0x00,0x00,0x00,0x00,0x00,0x00,0x00,0x00,0x00,0x00,/*"'",7*/

	0x00,0x40,0x20,0x10,0x10,0x08,0x08,0x08,0x08,0x08,0x08,0x10,0x10,0x20,0x40,0x00,/*"(",8*/

	0x00,0x02,0x04,0x08,0x08,0x10,0x10,0x10,0x10,0x10,0x10,0x08,0x08,0x04,0x02,0x00,/*")",9*/

	0x00,0x00,0x00,0x00,0x08,0x08,0x6B,0x1C,0x1C,0x6B,0x08,0x08,0x00,0x00,0x00,0x00,/*"*",10*/

	0x00,0x00,0x00,0x00,0x08,0x08,0x08,0x08,0x7F,0x08,0x08,0x08,0x08,0x00,0x00,0x00,/*"+",11*/

	0x00,0x00,0x00,0x00,0x00,0x00,0x00,0x00,0x00,0x00,0x00,0x00,0x06,0x06,0x04,0x03,/*",",12*/

	0x00,0x00,0x00,0x00,0x00,0x00,0x00,0x00,0xFE,0x00,0x00,0x00,0x00,0x00,0x00,0x00,/*"-",13*/

	0x00,0x00,0x00,0x00,0x00,0x00,0x00,0x00,0x00,0x00,0x00,0x00,0x06,0x06,0x00,0x00,/*".",14*/

	0x00,0x00,0x80,0x40,0x40,0x20,0x20,0x10,0x10,0x08,0x08,0x04,0x04,0x02,0x02,0x00,/*"/",15*/

	0x00,0x00,0x00,0x18,0x24,0x42,0x42,0x42,0x42,0x42,0x42,0x42,0x24,0x18,0x00,0x00,/*"0",16*/

	0x00,0x00,0x00,0x08,0x0E,0x08,0x08,0x08,0x08,0x08,0x08,0x08,0x08,0x3E,0x00,0x00,/*"1",17*/

	0x00,0x00,0x00,0x3C,0x42,0x42,0x42,0x20,0x20,0x10,0x08,0x04,0x42,0x7E,0x00,0x00,/*"2",18*/

	0x00,0x00,0x00,0x3C,0x42,0x42,0x20,0x18,0x20,0x40,0x40,0x42,0x22,0x1C,0x00,0x00,/*"3",19*/

	0x00,0x00,0x00,0x20,0x30,0x28,0x24,0x24,0x22,0x22,0x7E,0x20,0x20,0x78,0x00,0x00,/*"4",20*/

	0x00,0x00,0x00,0x7E,0x02,0x02,0x02,0x1A,0x26,0x40,0x40,0x42,0x22,0x1C,0x00,0x00,/*"5",21*/

	0x00,0x00,0x00,0x38,0x24,0x02,0x02,0x1A,0x26,0x42,0x42,0x42,0x24,0x18,0x00,0x00,/*"6",22*/

	0x00,0x00,0x00,0x7E,0x22,0x22,0x10,0x10,0x08,0x08,0x08,0x08,0x08,0x08,0x00,0x00,/*"7",23*/

	0x00,0x00,0x00,0x3C,0x42,0x42,0x42,0x24,0x18,0x24,0x42,0x42,0x42,0x3C,0x00,0x00,/*"8",24*/

	0x00,0x00,0x00,0x18,0x24,0x42,0x42,0x42,0x64,0x58,0x40,0x40,0x24,0x1C,0x00,0x00,/*"9",25*/

	0x00,0x00,0x00,0x00,0x00,0x00,0x18,0x18,0x00,0x00,0x00,0x00,0x18,0x18,0x00,0x00,/*":",26*/

	0x00,0x00,0x00,0x00,0x00,0x00,0x00,0x08,0x00,0x00,0x00,0x00,0x00,0x08,0x08,0x04,/*";",27*/

	0x00,0x00,0x00,0x40,0x20,0x10,0x08,0x04,0x02,0x04,0x08,0x10,0x20,0x40,0x00,0x00,/*"<",28*/

	0x00,0x00,0x00,0x00,0x00,0x00,0x7F,0x00,0x00,0x00,0x7F,0x00,0x00,0x00,0x00,0x00,/*"=",29*/

	0x00,0x00,0x00,0x02,0x04,0x08,0x10,0x20,0x40,0x20,0x10,0x08,0x04,0x02,0x00,0x00,/*">",30*/

	0x00,0x00,0x00,0x3C,0x42,0x42,0x46,0x40,0x20,0x10,0x10,0x00,0x18,0x18,0x00,0x00,/*"?",31*/

	0x00,0x00,0x00,0x1C,0x22,0x5A,0x55,0x55,0x55,0x55,0x2D,0x42,0x22,0x1C,0x00,0x00,/*"@",32*/

	0x00,0x00,0x00,0x08,0x08,0x18,0x14,0x14,0x24,0x3C,0x22,0x42,0x42,0xE7,0x00,0x00,/*"A",33*/

	0x00,0x00,0x00,0x1F,0x22,0x22,0x22,0x1E,0x22,0x42,0x42,0x42,0x22,0x1F,0x00,0x00,/*"B",34*/

	0x00,0x00,0x00,0x7C,0x42,0x42,0x01,0x01,0x01,0x01,0x01,0x42,0x22,0x1C,0x00,0x00,/*"C",35*/

	0x00,0x00,0x00,0x1F,0x22,0x42,0x42,0x42,0x42,0x42,0x42,0x42,0x22,0x1F,0x00,0x00,/*"D",36*/

	0x00,0x00,0x00,0x3F,0x42,0x12,0x12,0x1E,0x12,0x12,0x02,0x42,0x42,0x3F,0x00,0x00,/*"E",37*/

	0x00,0x00,0x00,0x3F,0x42,0x12,0x12,0x1E,0x12,0x12,0x02,0x02,0x02,0x07,0x00,0x00,/*"F",38*/

	0x00,0x00,0x00,0x3C,0x22,0x22,0x01,0x01,0x01,0x71,0x21,0x22,0x22,0x1C,0x00,0x00,/*"G",39*/

	0x00,0x00,0x00,0xE7,0x42,0x42,0x42,0x42,0x7E,0x42,0x42,0x42,0x42,0xE7,0x00,0x00,/*"H",40*/

	0x00,0x00,0x00,0x3E,0x08,0x08,0x08,0x08,0x08,0x08,0x08,0x08,0x08,0x3E,0x00,0x00,/*"I",41*/

	0x00,0x00,0x00,0x7C,0x10,0x10,0x10,0x10,0x10,0x10,0x10,0x10,0x10,0x10,0x11,0x0F,/*"J",42*/

	0x00,0x00,0x00,0x77,0x22,0x12,0x0A,0x0E,0x0A,0x12,0x12,0x22,0x22,0x77,0x00,0x00,/*"K",43*/

	0x00,0x00,0x00,0x07,0x02,0x02,0x02,0x02,0x02,0x02,0x02,0x02,0x42,0x7F,0x00,0x00,/*"L",44*/

	0x00,0x00,0x00,0x77,0x36,0x36,0x36,0x36,0x2A,0x2A,0x2A,0x2A,0x2A,0x6B,0x00,0x00,/*"M",45*/

	0x00,0x00,0x00,0xE3,0x46,0x46,0x4A,0x4A,0x52,0x52,0x52,0x62,0x62,0x47,0x00,0x00,/*"N",46*/

	0x00,0x00,0x00,0x1C,0x22,0x41,0x41,0x41,0x41,0x41,0x41,0x41,0x22,0x1C,0x00,0x00,/*"O",47*/

	0x00,0x00,0x00,0x3F,0x42,0x42,0x42,0x42,0x3E,0x02,0x02,0x02,0x02,0x07,0x00,0x00,/*"P",48*/

	0x00,0x00,0x00,0x1C,0x22,0x41,0x41,0x41,0x41,0x41,0x4D,0x53,0x32,0x1C,0x60,0x00,/*"Q",49*/

	0x00,0x00,0x00,0x3F,0x42,0x42,0x42,0x3E,0x12,0x12,0x22,0x22,0x42,0xC7,0x00,0x00,/*"R",50*/

	0x00,0x00,0x00,0x7C,0x42,0x42,0x02,0x04,0x18,0x20,0x40,0x42,0x42,0x3E,0x00,0x00,/*"S",51*/

	0x00,0x00,0x00,0x7F,0x49,0x08,0x08,0x08,0x08,0x08,0x08,0x08,0x08,0x1C,0x00,0x00,/*"T",52*/

	0x00,0x00,0x00,0xE7,0x42,0x42,0x42,0x42,0x42,0x42,0x42,0x42,0x42,0x3C,0x00,0x00,/*"U",53*/

	0x00,0x00,0x00,0xE7,0x42,0x42,0x22,0x24,0x24,0x14,0x14,0x18,0x08,0x08,0x00,0x00,/*"V",54*/

	0x00,0x00,0x00,0x6B,0x49,0x49,0x49,0x49,0x55,0x55,0x36,0x22,0x22,0x22,0x00,0x00,/*"W",55*/

	0x00,0x00,0x00,0xE7,0x42,0x24,0x24,0x18,0x18,0x18,0x24,0x24,0x42,0xE7,0x00,0x00,/*"X",56*/

	0x00,0x00,0x00,0x77,0x22,0x22,0x14,0x14,0x08,0x08,0x08,0x08,0x08,0x1C,0x00,0x00,/*"Y",57*/

	0x00,0x00,0x00,0x7E,0x21,0x20,0x10,0x10,0x08,0x04,0x04,0x42,0x42,0x3F,0x00,0x00,/*"Z",58*/

	0x00,0x78,0x08,0x08,0x08,0x08,0x08,0x08,0x08,0x08,0x08,0x08,0x08,0x08,0x78,0x00,/*"[",59*/

	0x00,0x00,0x02,0x02,0x04,0x04,0x08,0x08,0x08,0x10,0x10,0x20,0x20,0x20,0x40,0x40,/*"\",60*/

	0x00,0x1E,0x10,0x10,0x10,0x10,0x10,0x10,0x10,0x10,0x10,0x10,0x10,0x10,0x1E,0x00,/*"]",61*/

	0x00,0x38,0x44,0x00,0x00,0x00,0x00,0x00,0x00,0x00,0x00,0x00,0x00,0x00,0x00,0x00,/*"^",62*/

	0x00,0x00,0x00,0x00,0x00,0x00,0x00,0x00,0x00,0x00,0x00,0x00,0x00,0x00,0x00,0xFF,/*"_",63*/

	0x00,0x06,0x08,0x00,0x00,0x00,0x00,0x00,0x00,0x00,0x00,0x00,0x00,0x00,0x00,0x00,/*"`",64*/

	0x00,0x00,0x00,0x00,0x00,0x00,0x00,0x3C,0x42,0x78,0x44,0x42,0x42,0xFC,0x00,0x00,/*"a",65*/

	0x00,0x00,0x00,0x03,0x02,0x02,0x02,0x1A,0x26,0x42,0x42,0x42,0x26,0x1A,0x00,0x00,/*"b",66*/

	0x00,0x00,0x00,0x00,0x00,0x00,0x00,0x38,0x44,0x02,0x02,0x02,0x44,0x38,0x00,0x00,/*"c",67*/

	0x00,0x00,0x00,0x60,0x40,0x40,0x40,0x78,0x44,0x42,0x42,0x42,0x64,0xD8,0x00,0x00,/*"d",68*/

	0x00,0x00,0x00,0x00,0x00,0x00,0x00,0x3C,0x42,0x7E,0x02,0x02,0x42,0x3C,0x00,0x00,/*"e",69*/

	0x00,0x00,0x00,0xF0,0x88,0x08,0x08,0x7E,0x08,0x08,0x08,0x08,0x08,0x3E,0x00,0x00,/*"f",70*/

	0x00,0x00,0x00,0x00,0x00,0x00,0x00,0x7C,0x22,0x22,0x1C,0x02,0x3C,0x42,0x42,0x3C,/*"g",71*/

	0x00,0x00,0x00,0x03,0x02,0x02,0x02,0x3A,0x46,0x42,0x42,0x42,0x42,0xE7,0x00,0x00,/*"h",72*/

	0x00,0x00,0x00,0x0C,0x0C,0x00,0x00,0x0E,0x08,0x08,0x08,0x08,0x08,0x3E,0x00,0x00,/*"i",73*/

	0x00,0x00,0x00,0x30,0x30,0x00,0x00,0x38,0x20,0x20,0x20,0x20,0x20,0x20,0x22,0x1E,/*"j",74*/

	0x00,0x00,0x00,0x03,0x02,0x02,0x02,0x72,0x12,0x0A,0x16,0x12,0x22,0x77,0x00,0x00,/*"k",75*/

	0x00,0x00,0x00,0x0E,0x08,0x08,0x08,0x08,0x08,0x08,0x08,0x08,0x08,0x3E,0x00,0x00,/*"l",76*/

	0x00,0x00,0x00,0x00,0x00,0x00,0x00,0x7F,0x92,0x92,0x92,0x92,0x92,0xB7,0x00,0x00,/*"m",77*/

	0x00,0x00,0x00,0x00,0x00,0x00,0x00,0x3B,0x46,0x42,0x42,0x42,0x42,0xE7,0x00,0x00,/*"n",78*/

	0x00,0x00,0x00,0x00,0x00,0x00,0x00,0x3C,0x42,0x42,0x42,0x42,0x42,0x3C,0x00,0x00,/*"o",79*/

	0x00,0x00,0x00,0x00,0x00,0x00,0x00,0x1B,0x26,0x42,0x42,0x42,0x22,0x1E,0x02,0x07,/*"p",80*/

	0x00,0x00,0x00,0x00,0x00,0x00,0x00,0x78,0x44,0x42,0x42,0x42,0x44,0x78,0x40,0xE0,/*"q",81*/

	0x00,0x00,0x00,0x00,0x00,0x00,0x00,0x77,0x4C,0x04,0x04,0x04,0x04,0x1F,0x00,0x00,/*"r",82*/

	0x00,0x00,0x00,0x00,0x00,0x00,0x00,0x7C,0x42,0x02,0x3C,0x40,0x42,0x3E,0x00,0x00,/*"s",83*/

	0x00,0x00,0x00,0x00,0x00,0x08,0x08,0x3E,0x08,0x08,0x08,0x08,0x08,0x30,0x00,0x00,/*"t",84*/

	0x00,0x00,0x00,0x00,0x00,0x00,0x00,0x63,0x42,0x42,0x42,0x42,0x62,0xDC,0x00,0x00,/*"u",85*/

	0x00,0x00,0x00,0x00,0x00,0x00,0x00,0xE7,0x42,0x24,0x24,0x14,0x08,0x08,0x00,0x00,/*"v",86*/

	0x00,0x00,0x00,0x00,0x00,0x00,0x00,0xEB,0x49,0x49,0x55,0x55,0x22,0x22,0x00,0x00,/*"w",87*/

	0x00,0x00,0x00,0x00,0x00,0x00,0x00,0x76,0x24,0x18,0x18,0x18,0x24,0x6E,0x00,0x00,/*"x",88*/

	0x00,0x00,0x00,0x00,0x00,0x00,0x00,0xE7,0x42,0x24,0x24,0x14,0x18,0x08,0x08,0x07,/*"y",89*/

	0x00,0x00,0x00,0x00,0x00,0x00,0x00,0x7E,0x22,0x10,0x08,0x08,0x44,0x7E,0x00,0x00,/*"z",90*/

	0x00,0xC0,0x20,0x20,0x20,0x20,0x20,0x10,0x20,0x20,0x20,0x20,0x20,0x20,0xC0,0x00,/*"{",91*/

	0x10,0x10,0x10,0x10,0x10,0x10,0x10,0x10,0x10,0x10,0x10,0x10,0x10,0x10,0x10,0x10,/*"|",92*/

	0x00,0x06,0x08,0x08,0x08,0x08,0x08,0x10,0x08,0x08,0x08,0x08,0x08,0x08,0x06,0x00,/*"}",93*/

	0x0C,0x32,0xC2,0x00,0x00,0x00,0x00,0x00,0x00,0x00,0x00,0x00,0x00,0x00,0x00,0x00,/*"~",94*/
};

const uint8_t ASCII_1206_Table [] = 
{
	0x00,0x00,0x00,0x00,0x00,0x00,0x00,0x00,0x00,0x00,0x00,0x00,/*" ",0*/

	0x00,0x00,0x04,0x04,0x04,0x04,0x04,0x04,0x00,0x04,0x00,0x00,/*"!",1*/

	0x00,0x14,0x0A,0x0A,0x00,0x00,0x00,0x00,0x00,0x00,0x00,0x00,/*""",2*/

	0x00,0x00,0x14,0x14,0x3F,0x14,0x0A,0x3F,0x0A,0x0A,0x00,0x00,/*"#",3*/

	0x00,0x04,0x1E,0x15,0x05,0x06,0x0C,0x14,0x15,0x0F,0x04,0x00,/*"$",4*/

	0x00,0x00,0x12,0x15,0x0D,0x0A,0x14,0x2C,0x2A,0x12,0x00,0x00,/*"%",5*/

	0x00,0x00,0x04,0x0A,0x0A,0x1E,0x15,0x15,0x09,0x36,0x00,0x00,/*"&",6*/

	0x00,0x02,0x02,0x01,0x00,0x00,0x00,0x00,0x00,0x00,0x00,0x00,/*"'",7*/

	0x00,0x20,0x10,0x08,0x08,0x08,0x08,0x08,0x08,0x10,0x20,0x00,/*"(",8*/

	0x00,0x02,0x04,0x08,0x08,0x08,0x08,0x08,0x08,0x04,0x02,0x00,/*")",9*/

	0x00,0x00,0x00,0x04,0x15,0x0E,0x0E,0x15,0x04,0x00,0x00,0x00,/*"*",10*/

	0x00,0x00,0x04,0x04,0x04,0x1F,0x04,0x04,0x04,0x00,0x00,0x00,/*"+",11*/

	0x00,0x00,0x00,0x00,0x00,0x00,0x00,0x00,0x00,0x02,0x02,0x01,/*",",12*/

	0x00,0x00,0x00,0x00,0x00,0x1F,0x00,0x00,0x00,0x00,0x00,0x00,/*"-",13*/

	0x00,0x00,0x00,0x00,0x00,0x00,0x00,0x00,0x00,0x02,0x00,0x00,/*".",14*/

	0x00,0x10,0x08,0x08,0x08,0x04,0x04,0x02,0x02,0x02,0x01,0x00,/*"/",15*/

	0x00,0x00,0x0E,0x11,0x11,0x11,0x11,0x11,0x11,0x0E,0x00,0x00,/*"0",16*/

	0x00,0x00,0x04,0x06,0x04,0x04,0x04,0x04,0x04,0x0E,0x00,0x00,/*"1",17*/

	0x00,0x00,0x0E,0x11,0x11,0x08,0x04,0x02,0x01,0x1F,0x00,0x00,/*"2",18*/

	0x00,0x00,0x0E,0x11,0x10,0x0C,0x10,0x10,0x11,0x0E,0x00,0x00,/*"3",19*/

	0x00,0x00,0x08,0x0C,0x0A,0x0A,0x09,0x1E,0x08,0x18,0x00,0x00,/*"4",20*/

	0x00,0x00,0x1F,0x01,0x01,0x0F,0x10,0x10,0x11,0x0E,0x00,0x00,/*"5",21*/

	0x00,0x00,0x0E,0x09,0x01,0x0F,0x11,0x11,0x11,0x0E,0x00,0x00,/*"6",22*/

	0x00,0x00,0x1F,0x09,0x08,0x04,0x04,0x04,0x04,0x04,0x00,0x00,/*"7",23*/

	0x00,0x00,0x0E,0x11,0x11,0x0E,0x11,0x11,0x11,0x0E,0x00,0x00,/*"8",24*/

	0x00,0x00,0x0E,0x11,0x11,0x11,0x1E,0x10,0x12,0x0E,0x00,0x00,/*"9",25*/

	0x00,0x00,0x00,0x00,0x04,0x00,0x00,0x00,0x00,0x04,0x00,0x00,/*":",26*/

	0x00,0x00,0x00,0x00,0x00,0x04,0x00,0x00,0x00,0x04,0x04,0x00,/*";",27*/

	0x00,0x20,0x10,0x08,0x04,0x02,0x04,0x08,0x10,0x20,0x00,0x00,/*"<",28*/

	0x00,0x00,0x00,0x00,0x1F,0x00,0x00,0x1F,0x00,0x00,0x00,0x00,/*"=",29*/

	0x00,0x02,0x04,0x08,0x10,0x20,0x10,0x08,0x04,0x02,0x00,0x00,/*">",30*/

	0x00,0x00,0x0E,0x11,0x11,0x08,0x04,0x04,0x00,0x04,0x00,0x00,/*"?",31*/

	0x00,0x00,0x0E,0x11,0x19,0x15,0x15,0x1D,0x01,0x1E,0x00,0x00,/*"@",32*/

	0x00,0x00,0x04,0x04,0x0C,0x0A,0x0A,0x1E,0x12,0x33,0x00,0x00,/*"A",33*/

	0x00,0x00,0x0F,0x12,0x12,0x0E,0x12,0x12,0x12,0x0F,0x00,0x00,/*"B",34*/

	0x00,0x00,0x1E,0x11,0x01,0x01,0x01,0x01,0x11,0x0E,0x00,0x00,/*"C",35*/

	0x00,0x00,0x0F,0x12,0x12,0x12,0x12,0x12,0x12,0x0F,0x00,0x00,/*"D",36*/

	0x00,0x00,0x1F,0x12,0x0A,0x0E,0x0A,0x02,0x12,0x1F,0x00,0x00,/*"E",37*/

	0x00,0x00,0x1F,0x12,0x0A,0x0E,0x0A,0x02,0x02,0x07,0x00,0x00,/*"F",38*/

	0x00,0x00,0x1C,0x12,0x01,0x01,0x39,0x11,0x12,0x0C,0x00,0x00,/*"G",39*/

	0x00,0x00,0x33,0x12,0x12,0x1E,0x12,0x12,0x12,0x33,0x00,0x00,/*"H",40*/

	0x00,0x00,0x1F,0x04,0x04,0x04,0x04,0x04,0x04,0x1F,0x00,0x00,/*"I",41*/

	0x00,0x00,0x3E,0x08,0x08,0x08,0x08,0x08,0x08,0x09,0x07,0x00,/*"J",42*/

	0x00,0x00,0x37,0x12,0x0A,0x06,0x0A,0x0A,0x12,0x37,0x00,0x00,/*"K",43*/

	0x00,0x00,0x07,0x02,0x02,0x02,0x02,0x02,0x22,0x3F,0x00,0x00,/*"L",44*/

	0x00,0x00,0x1B,0x1B,0x1B,0x1B,0x15,0x15,0x15,0x15,0x00,0x00,/*"M",45*/

	0x00,0x00,0x3B,0x12,0x16,0x16,0x1A,0x1A,0x12,0x17,0x00,0x00,/*"N",46*/

	0x00,0x00,0x0E,0x11,0x11,0x11,0x11,0x11,0x11,0x0E,0x00,0x00,/*"O",47*/

	0x00,0x00,0x0F,0x12,0x12,0x0E,0x02,0x02,0x02,0x07,0x00,0x00,/*"P",48*/

	0x00,0x00,0x0E,0x11,0x11,0x11,0x11,0x17,0x19,0x0E,0x18,0x00,/*"Q",49*/

	0x00,0x00,0x0F,0x12,0x12,0x0E,0x0A,0x12,0x12,0x37,0x00,0x00,/*"R",50*/

	0x00,0x00,0x1E,0x11,0x01,0x06,0x08,0x10,0x11,0x0F,0x00,0x00,/*"S",51*/

	0x00,0x00,0x1F,0x15,0x04,0x04,0x04,0x04,0x04,0x0E,0x00,0x00,/*"T",52*/

	0x00,0x00,0x33,0x12,0x12,0x12,0x12,0x12,0x12,0x0C,0x00,0x00,/*"U",53*/

	0x00,0x00,0x33,0x12,0x12,0x0A,0x0A,0x0C,0x04,0x04,0x00,0x00,/*"V",54*/

	0x00,0x00,0x15,0x15,0x15,0x0E,0x0A,0x0A,0x0A,0x0A,0x00,0x00,/*"W",55*/

	0x00,0x00,0x1B,0x0A,0x0A,0x04,0x04,0x0A,0x0A,0x1B,0x00,0x00,/*"X",56*/

	0x00,0x00,0x1B,0x0A,0x0A,0x04,0x04,0x04,0x04,0x0E,0x00,0x00,/*"Y",57*/

	0x00,0x00,0x1F,0x09,0x08,0x04,0x04,0x02,0x12,0x1F,0x00,0x00,/*"Z",58*/

	0x00,0x1C,0x04,0x04,0x04,0x04,0x04,0x04,0x04,0x04,0x1C,0x00,/*"[",59*/

	0x00,0x02,0x02,0x02,0x04,0x04,0x08,0x08,0x08,0x10,0x00,0x00,/*"\",60*/

	0x00,0x0E,0x08,0x08,0x08,0x08,0x08,0x08,0x08,0x08,0x0E,0x00,/*"]",61*/

	0x00,0x04,0x0A,0x00,0x00,0x00,0x00,0x00,0x00,0x00,0x00,0x00,/*"^",62*/

	0x00,0x00,0x00,0x00,0x00,0x00,0x00,0x00,0x00,0x00,0x00,0x3F,/*"_",63*/

	0x00,0x04,0x00,0x00,0x00,0x00,0x00,0x00,0x00,0x00,0x00,0x00,/*"`",64*/

	0x00,0x00,0x00,0x00,0x00,0x0C,0x12,0x1C,0x12,0x3C,0x00,0x00,/*"a",65*/

	0x00,0x00,0x03,0x02,0x02,0x0E,0x12,0x12,0x12,0x0E,0x00,0x00,/*"b",66*/

	0x00,0x00,0x00,0x00,0x00,0x1C,0x12,0x02,0x02,0x1C,0x00,0x00,/*"c",67*/

	0x00,0x00,0x18,0x10,0x10,0x1C,0x12,0x12,0x12,0x3C,0x00,0x00,/*"d",68*/

	0x00,0x00,0x00,0x00,0x00,0x0C,0x12,0x1E,0x02,0x1C,0x00,0x00,/*"e",69*/

	0x00,0x00,0x38,0x04,0x04,0x1E,0x04,0x04,0x04,0x1E,0x00,0x00,/*"f",70*/

	0x00,0x00,0x00,0x00,0x00,0x3C,0x12,0x0C,0x02,0x1E,0x22,0x1C,/*"g",71*/

	0x00,0x00,0x03,0x02,0x02,0x0E,0x12,0x12,0x12,0x37,0x00,0x00,/*"h",72*/

	0x00,0x00,0x04,0x00,0x00,0x06,0x04,0x04,0x04,0x0E,0x00,0x00,/*"i",73*/

	0x00,0x00,0x08,0x00,0x00,0x0C,0x08,0x08,0x08,0x08,0x08,0x07,/*"j",74*/

	0x00,0x00,0x03,0x02,0x02,0x3A,0x0A,0x0E,0x12,0x37,0x00,0x00,/*"k",75*/

	0x00,0x00,0x07,0x04,0x04,0x04,0x04,0x04,0x04,0x1F,0x00,0x00,/*"l",76*/

	0x00,0x00,0x00,0x00,0x00,0x0F,0x15,0x15,0x15,0x15,0x00,0x00,/*"m",77*/

	0x00,0x00,0x00,0x00,0x00,0x0F,0x12,0x12,0x12,0x37,0x00,0x00,/*"n",78*/

	0x00,0x00,0x00,0x00,0x00,0x0C,0x12,0x12,0x12,0x0C,0x00,0x00,/*"o",79*/

	0x00,0x00,0x00,0x00,0x00,0x0F,0x12,0x12,0x12,0x0E,0x02,0x07,/*"p",80*/

	0x00,0x00,0x00,0x00,0x00,0x1C,0x12,0x12,0x12,0x1C,0x10,0x38,/*"q",81*/

	0x00,0x00,0x00,0x00,0x00,0x1B,0x06,0x02,0x02,0x07,0x00,0x00,/*"r",82*/

	0x00,0x00,0x00,0x00,0x00,0x1E,0x02,0x0C,0x10,0x1E,0x00,0x00,/*"s",83*/

	0x00,0x00,0x00,0x04,0x04,0x0E,0x04,0x04,0x04,0x18,0x00,0x00,/*"t",84*/

	0x00,0x00,0x00,0x00,0x00,0x1B,0x12,0x12,0x12,0x3C,0x00,0x00,/*"u",85*/

	0x00,0x00,0x00,0x00,0x00,0x37,0x12,0x0A,0x0C,0x04,0x00,0x00,/*"v",86*/

	0x00,0x00,0x00,0x00,0x00,0x15,0x15,0x0E,0x0A,0x0A,0x00,0x00,/*"w",87*/

	0x00,0x00,0x00,0x00,0x00,0x1B,0x0A,0x04,0x0A,0x1B,0x00,0x00,/*"x",88*/

	0x00,0x00,0x00,0x00,0x00,0x37,0x12,0x0A,0x0C,0x04,0x04,0x03,/*"y",89*/

	0x00,0x00,0x00,0x00,0x00,0x1E,0x08,0x04,0x04,0x1E,0x00,0x00,/*"z",90*/

	0x00,0x18,0x08,0x08,0x08,0x04,0x08,0x08,0x08,0x08,0x18,0x00,/*"{",91*/

	0x08,0x08,0x08,0x08,0x08,0x08,0x08,0x08,0x08,0x08,0x08,0x08,/*"|",92*/

	0x00,0x06,0x04,0x04,0x04,0x08,0x04,0x04,0x04,0x04,0x06,0x00,/*"}",93*/

	0x02,0x25,0x18,0x00,0x00,0x00,0x00,0x00,0x00,0x00,0x00,0x00,/*"~",94*/	
};

/*------------------------------------ 定义相关的字体参数 ---------------------------------------------*/

pFONT Font32 = {
	ASCII_3216_Table,		//	字模数组地址
	16,                  //	单个字符的字模宽度
	32,                  //	单个字符的字模长度
	64,                  //	单个字符的字模数据个数
	0                    // 该参数只有汉字字模用到，表示二维数组的行大小
};

pFONT Font24 = {			
	ASCII_2412_Table,		//	字模数组地址
	12,                  //	单个字符的字模宽度
	24,                  //	单个字符的字模长度
	48,                  //	单个字符的字模数据个数
	0                    // 该参数只有汉字字模用到，表示二维数组的行大小
};

pFONT Font20 = {
	ASCII_2010_Table,		//	字模数组地址
	10,                  //	单个字符的字模宽度
	20,                  //	单个字符的字模长度
	40,                  //	单个字符的字模数据个数
	0                    // 该参数只有汉字字模用到，表示二维数组的行大小
};

pFONT Font16 = {
	ASCII_1608_Table,		//	字模数组地址
	8,                   //	单个字符的字模宽度
	16,                  //	单个字符的字模长度
	16,                  //	单个字符的字模数据个数
	0                    // 该参数只有汉字字模用到，表示二维数组的行大小
};

pFONT Font12 = {
	ASCII_1206_Table,		//	字模数组地址
	6,                   //	单个字符的字模宽度
	12,                  //	单个字符的字模长度
	12,                  //	单个字符的字模数据个数
	0                    // 该参数只有汉字字模用到，表示二维数组的行大小
};

